id,telephoneTypeId,departmentCountry,cityName,cityId,isAssociated,originCountryId,operatorId
1,4,Cundinamarca,Agua de Dios,525,0,1,
2,4,Cundinamarca,Alban,526,0,1,
3,4,Cundinamarca,Anapoima,527,0,1,
4,4,Cundinamarca,Anolaima,528,0,1,
6,4,Cundinamarca,Apulo,529,0,1,
7,4,Cundinamarca,Arbelaez,530,0,1,
8,4,Cundinamarca,Bituima,532,0,1,
9,4,Cundinamarca,Bojacá,533,0,1,
10,4,Cundinamarca,Cabrera,534,0,1,
11,4,Cundinamarca,Cachipay,535,0,1,
12,4,Cundinamarca,Cajica,536,0,1,
13,4,Cundinamarca,Caparrapi,537,0,1,
15,4,Cundinamarca,Caqueza,538,0,1,
16,4,Cundinamarca,Carmen de Carupa,539,0,1,
18,4,Cundinamarca,Chaguani,540,0,1,
19,4,Cundinamarca,Chia,541,0,1,
23,4,Cundinamarca,Chipaque,542,0,1,
24,4,Cundinamarca,Choachi,543,0,1,
25,4,Cundinamarca,Choconta,544,0,1,
26,4,Cundinamarca,Cogua,545,0,1,
27,4,Cundinamarca,Cota,546,0,1,
28,4,Cundinamarca,Cucunuba,547,0,1,
29,4,Cundinamarca,El Colegio,548,0,1,
33,4,Cundinamarca,Facatativa,551,0,1,
35,4,Cundinamarca,Fomeque,552,0,1,
36,4,Cundinamarca,Fosca,553,0,1,
37,4,Cundinamarca,Funza,554,0,1,
38,4,Cundinamarca,Fuquene,555,0,1,
39,4,Cundinamarca,Fusagasuga,556,0,1,
41,4,Cundinamarca,Gachala,557,0,1,
42,4,Cundinamarca,Gachancipa,558,0,1,
43,4,Cundinamarca,Gacheta,559,0,1,
44,4,Cundinamarca,Gama,560,0,1,
45,4,Cundinamarca,Girardot,561,0,1,
48,4,Cundinamarca,Granada,562,0,1,
49,4,Cundinamarca,Guacheta,563,0,1,
50,4,Cundinamarca,Guaduas,564,0,1,
51,4,Cundinamarca,Guasca,565,0,1,
54,4,Cundinamarca,Guatavita,567,0,1,
55,4,Cundinamarca,Guayabal de Siquima,568,0,1,
56,4,Cundinamarca,Guayabetal,569,0,1,
57,4,Cundinamarca,Gutierrez,570,0,1,
58,4,Cundinamarca,Jerusalen,571,0,1,
59,4,Cundinamarca,Junin,572,0,1,
60,4,Cundinamarca,La Calera,573,0,1,
64,4,Cundinamarca,La Mesa,574,0,1,
67,4,Cundinamarca,La Palma,575,0,1,
68,4,Cundinamarca,La Peña,576,0,1,
69,4,Cundinamarca,Subachoque,612,0,1,
71,4,Cundinamarca,La Vega,577,0,1,
72,4,Cundinamarca,Lenguazaque,578,0,1,
73,4,Cundinamarca,Macheta,579,0,1,
74,4,Cundinamarca,Madrid,580,0,1,
75,4,Cundinamarca,Manta,581,0,1,
76,4,Cundinamarca,Mosquera,583,0,1,
77,4,Cundinamarca,Nemocon,585,0,1,
78,4,Cundinamarca,Nilo,586,0,1,
79,4,Cundinamarca,Nimaima,587,0,1,
80,4,Cundinamarca,Nocaima,588,0,1,
81,4,Cundinamarca,Pacho,589,0,1,
82,4,Cundinamarca,Pandi,591,0,1,
83,4,Cundinamarca,Pasca,593,0,1,
86,4,Cundinamarca,Quetame,597,0,1,
87,4,Cundinamarca,Quipile,598,0,1,
89,4,Cundinamarca,San Bernardo,601,0,1,
90,4,Cundinamarca,San Francisco,603,0,1,
92,4,Cundinamarca,Sasaima,605,0,1,
95,4,Cundinamarca,Sesquile,606,0,1,
97,4,Cundinamarca,Silvania,608,0,1,
98,4,Cundinamarca,Simijaca,609,0,1,
99,4,Cundinamarca,Sopo,611,0,1,
102,4,Cundinamarca,Suesca,613,0,1,
103,4,Cundinamarca,Supata,614,0,1,
104,4,Cundinamarca,Susa,615,0,1,
105,4,Cundinamarca,Sutatausa,616,0,1,
106,4,Cundinamarca,Tabio,617,0,1,
107,4,Cundinamarca,Tausa,618,0,1,
108,4,Cundinamarca,Tena,619,0,1,
109,4,Cundinamarca,Tenjo,620,0,1,
110,4,Cundinamarca,Tibacuy,621,0,1,
111,4,Cundinamarca,Tibirita,622,0,1,
112,4,Cundinamarca,Tocaima,623,0,1,
113,4,Cundinamarca,Tocancipa,624,0,1,
114,4,Cundinamarca,Ubala,626,0,1,
115,4,Cundinamarca,Ubaque,627,0,1,
116,4,Cundinamarca,Ubate,628,0,1,
117,4,Cundinamarca,Une,629,0,1,
118,4,Cundinamarca,Utica,630,0,1,
119,4,Cundinamarca,Venecia,631,0,1,
120,4,Cundinamarca,Vergara,632,0,1,
121,4,Cundinamarca,Viani,633,0,1,
122,4,Cundinamarca,Villapinzon,635,0,1,
123,4,Cundinamarca,Villeta,636,0,1,
124,4,Cundinamarca,Viota,637,0,1,
125,4,Cundinamarca,Yacopi,638,0,1,
126,4,Cundinamarca,Zipacon,639,0,1,
127,4,Cundinamarca,Zipaquira,640,0,1,
128,4,Tolima,Icononzo,1043,0,1,
129,4,Cauca,Almaguer,400,0,1,
130,4,Cauca,Balboa,402,0,1,
132,4,Cauca,Bolivar,403,0,1,
133,4,Cauca,Buenos Aires,404,0,1,
134,4,Cauca,Cajibio,405,0,1,
135,4,Cauca,Caldono,406,0,1,
136,4,Cauca,Caloto,407,0,1,
138,4,Cauca,Corinto,408,0,1,
140,4,Cauca,El Tambo,409,0,1,
141,4,Cauca,Guachene,,0,1,
142,4,Cauca,Guapi,411,0,1,
143,4,Cauca,Inza,412,0,1,
144,4,Cauca,Jambalo,413,0,1,
145,4,Cauca,La Sierra,414,0,1,
146,4,Cauca,La Vega,415,0,1,
148,4,Cauca,Mercaderes,417,0,1,
149,4,Cauca,Miranda,418,0,1,
151,4,Cauca,Morales,419,0,1,
152,4,Cauca,Padilla,420,0,1,
155,4,Cauca,Piendamo,424,0,1,
156,4,Cauca,Popayan,399,0,1,
159,4,Cauca,Puerto Tejada,425,0,1,
161,4,Cauca,Purace,426,0,1,
162,4,Cauca,Rosas,427,0,1,
164,4,Cauca,Santander de Quilichao,430,0,1,
166,4,Cauca,Silvia,431,0,1,
167,4,Cauca,Suarez,433,0,1,
168,4,Cauca,Timbio,435,0,1,
169,4,Cauca,Timbiqui,436,0,1,
170,4,Cauca,Toribio,437,0,1,
171,4,Cauca,Totoro,438,0,1,
173,4,Nariño,Aldana,767,0,1,
174,4,Nariño,Barbacoas,770,0,1,
175,4,Nariño,Belen,771,0,1,
176,4,Nariño,Bocas de Satinga,806,0,1,
177,4,Nariño,Buesaco,772,0,1,
178,4,Nariño,Cordoba,777,0,1,
179,4,Nariño,Cumbal,779,0,1,
180,4,Nariño,El Charco,781,0,1,
181,4,Nariño,Funes,787,0,1,
182,4,Nariño,Guachucal,788,0,1,
183,4,Nariño,Guaitarilla,789,0,1,
184,4,Nariño,Gualmatan,790,0,1,
185,4,Nariño,Ipiales,793,0,1,
187,4,Nariño,La Cruz,794,0,1,
188,4,Nariño,La Union,798,0,1,
190,4,Nariño,Pasto,765,0,1,
192,4,Nariño,Potosi,809,0,1,
193,4,Nariño,Puerres,811,0,1,
194,4,Nariño,Pupiales,812,0,1,
195,4,Nariño,Samaniego,815,0,1,
196,4,Nariño,San Pablo,818,0,1,
197,4,Nariño,Sandona,820,0,1,
198,4,Nariño,Tumaco,826,0,1,
199,4,Nariño,Tuquerres,827,0,1,
201,4,Valle del Cauca,Alcala,1069,0,1,
204,4,Valle del Cauca,Andalucia,1070,0,1,
206,4,Valle del Cauca,Ansermanuevo,1071,0,1,
208,4,Valle del Cauca,Argelia,1072,0,1,
211,4,Valle del Cauca,Bolivar,1073,0,1,
214,4,Valle del Cauca,Buenaventura,1074,0,1,
215,4,Valle del Cauca,Buga,1075,0,1,
219,4,Valle del Cauca,Caicedonia,1077,0,1,
222,4,Valle del Cauca,Cali,1068,0,1,
228,4,Valle del Cauca,Candelaria,1079,0,1,
230,4,Valle del Cauca,Cartago,1080,0,1,
234,4,Valle del Cauca,Versalles,1105,0,1,
238,4,Valle del Cauca,Dagua,1081,0,1,
240,4,Valle del Cauca,El Aguila,1082,0,1,
244,4,Valle del Cauca,El Cairo,1083,0,1,
247,4,Valle del Cauca,El Cerrito,1084,0,1,
250,4,Valle del Cauca,El Dovio,1085,0,1,
252,4,Valle del Cauca,Florida,1086,0,1,
254,4,Valle del Cauca,Ginebra,1087,0,1,
256,4,Valle del Cauca,Guacari,1088,0,1,
264,4,Valle del Cauca,La Cumbre,1090,0,1,
272,4,Valle del Cauca,La Union,1091,0,1,
274,4,Valle del Cauca,La Victoria,1092,0,1,
277,4,Valle del Cauca,Ulloa,1104,0,1,
278,4,Valle del Cauca,Roldanillo,1098,0,1,
280,4,Valle del Cauca,Obando,1093,0,1,
284,4,Valle del Cauca,Palmira,1094,0,1,
287,4,Valle del Cauca,Jamundi,1089,0,1,
288,4,Valle del Cauca,Pradera,1095,0,1,
292,4,Valle del Cauca,Restrepo,1096,0,1,
295,4,Valle del Cauca,Riofrio,1097,0,1,
302,4,Valle del Cauca,Sevilla,1100,0,1,
303,4,Valle del Cauca,Toro,1101,0,1,
304,4,Valle del Cauca,San Pedro,1099,0,1,
316,4,Valle del Cauca,Trujillo,1102,0,1,
318,4,Valle del Cauca,Tulua,1103,0,1,
323,4,Valle del Cauca,Vijes,1106,0,1,
326,4,Valle del Cauca,Yotoco,1107,0,1,
331,4,Valle del Cauca,Zarzal,1109,0,1,
335,4,Antioquia,Abejorral,13,0,1,
336,4,Antioquia,Abriaqui,14,0,1,
337,4,Antioquia,Alejandria,15,0,1,
338,4,Antioquia,Betulia,31,0,1,
339,4,Antioquia,Amaga,16,0,1,
340,4,Antioquia,Amalfi,17,0,1,
341,4,Antioquia,Andes,18,0,1,
342,4,Antioquia,Angelopolis,19,0,1,
343,4,Antioquia,Angostura,20,0,1,
344,4,Antioquia,Anori,21,0,1,
345,4,Antioquia,Anza,22,0,1,
346,4,Antioquia,Apartado,23,0,1,
347,4,Antioquia,Arboletes,24,0,1,
348,4,Antioquia,Argelia,25,0,1,
349,4,Antioquia,Armenia,26,0,1,
351,4,Antioquia,Belmira,29,0,1,
352,4,Antioquia,Betania,30,0,1,
356,4,Antioquia,Briceño,32,0,1,
357,4,Antioquia,Buritica,33,0,1,
358,4,Antioquia,Caceres,34,0,1,
359,4,Antioquia,Caicedo,35,0,1,
360,4,Antioquia,Campamento,37,0,1,
361,4,Antioquia,Cañasgordas,38,0,1,
362,4,Antioquia,Caracoli,39,0,1,
363,4,Antioquia,Caramanta,40,0,1,
364,4,Antioquia,Carepa,41,0,1,
365,4,Antioquia,Carolina,43,0,1,
366,4,Antioquia,Caucasia,44,0,1,
368,4,Antioquia,Chigorodo,45,0,1,
369,4,Antioquia,Cisneros,46,0,1,
370,4,Antioquia,Cocorna,48,0,1,
371,4,Antioquia,Concepcion,49,0,1,
372,4,Antioquia,Concordia,50,0,1,
374,4,Antioquia,Dabeiba,52,0,1,
375,4,Antioquia,Don Matias,53,0,1,
377,4,Antioquia,Ebejico,54,0,1,
381,4,Antioquia,El Bagre,55,0,1,
383,4,Antioquia,Entrerrios,56,0,1,
384,4,Antioquia,Fredonia,58,0,1,
385,4,Antioquia,Frontino,59,0,1,
386,4,Antioquia,Giraldo,60,0,1,
387,4,Antioquia,Gomez Plata,62,0,1,
388,4,Antioquia,Granada,63,0,1,
389,4,Antioquia,Guadalupe,64,0,1,
390,4,Antioquia,Guatape,66,0,1,
391,4,Antioquia,Heliconia,67,0,1,
392,4,Antioquia,Hispania,68,0,1,
394,4,Antioquia,Ituango,70,0,1,
395,4,Antioquia,Jardin,71,0,1,
396,4,Antioquia,Jerico,72,0,1,
398,4,Antioquia,La Pintada,75,0,1,
400,4,Antioquia,Liborina,77,0,1,
403,4,Antioquia,Maceo,78,0,1,
404,4,Antioquia,Medellin,12,0,1,
406,4,Antioquia,Montebello,80,0,1,
407,4,Antioquia,Murindo,81,0,1,
408,4,Antioquia,Mutata,82,0,1,
409,4,Antioquia,Nariño,83,0,1,
410,4,Antioquia,Nechi,84,0,1,
411,4,Antioquia,Necocli,85,0,1,
416,4,Antioquia,Peque,88,0,1,
418,4,Antioquia,Pueblorrico,89,0,1,
421,4,Antioquia,Puerto Nare,91,0,1,
423,4,Antioquia,Puerto Triunfo,92,0,1,
424,4,Antioquia,Remedios,93,0,1,
425,4,Antioquia,Sabanalarga,96,0,1,
426,4,Antioquia,Salgar,98,0,1,
427,4,Antioquia,San Andrés,99,0,1,
428,4,Antioquia,San Carlos,100,0,1,
429,4,Antioquia,San Francisco,101,0,1,
430,4,Antioquia,San Jeronimo,102,0,1,
431,4,Antioquia,San Jose de la Montaña,103,0,1,
434,4,Antioquia,San Juan de Uraba,104,0,1,
435,4,Antioquia,San Luis,105,0,1,
436,4,Antioquia,Sonson,117,0,1,
437,4,Antioquia,San Pedro,106,0,1,
438,4,Antioquia,San Pedro de Uraba,107,0,1,
439,4,Antioquia,San Rafael,108,0,1,
440,4,Antioquia,San Roque,109,0,1,
441,4,Antioquia,San Vicente,110,0,1,
442,4,Antioquia,Santa Barbara,111,0,1,
444,4,Antioquia,Santa Rosa de Osos,112,0,1,
445,4,Antioquia,Santo Domingo,113,0,1,
446,4,Antioquia,Segovia,116,0,1,
449,4,Antioquia,Sopetran,118,0,1,
452,4,Antioquia,Tamesis,119,0,1,
454,4,Antioquia,Taraza,120,0,1,
455,4,Antioquia,Tarso,121,0,1,
456,4,Antioquia,Titiribi,122,0,1,
457,4,Antioquia,Toledo,123,0,1,
458,4,Antioquia,Turbo,124,0,1,
459,4,Antioquia,Uramita,125,0,1,
460,4,Antioquia,Urrao,126,0,1,
461,4,Antioquia,Valdivia,127,0,1,
462,4,Antioquia,Valparaiso,128,0,1,
463,4,Antioquia,Vegachi,129,0,1,
464,4,Antioquia,Venecia,130,0,1,
466,4,Antioquia,Vigia del Fuerte,131,0,1,
467,4,Antioquia,Yali,132,0,1,
468,4,Antioquia,Yarumal,133,0,1,
470,4,Antioquia,Yolombo,134,0,1,
471,4,Antioquia,Yondo,135,0,1,
472,4,Antioquia,Zaragoza,136,0,1,
473,4,Chocó,Bahia Solano,470,0,1,
474,4,Chocó,Condoto,476,0,1,
476,4,Chocó,Istmina,479,0,1,
477,4,Chocó,Nuqui,487,0,1,
479,4,Chocó,Quibdo,465,0,1,
480,4,Chocó,Riosucio,490,0,1,
481,4,Chocó,Tado,493,0,1,
482,4,Chocó,Unguia,494,0,1,
483,4,Córdoba,Ayapel,497,0,1,
484,4,Córdoba,Buenavista,498,0,1,
485,4,Córdoba,Cerete,500,0,1,
488,4,Córdoba,Chinu,502,0,1,
489,4,Córdoba,Cienaga de Oro,503,0,1,
491,4,Córdoba,La Apartada,505,0,1,
492,4,Córdoba,Lorica,506,0,1,
493,4,Córdoba,Momil,508,0,1,
494,4,Córdoba,Montelibano,509,0,1,
495,4,Córdoba,Monteria,496,0,1,
497,4,Córdoba,Planeta Rica,511,0,1,
498,4,Córdoba,Pueblo Nuevo,512,0,1,
499,4,Córdoba,Puerto Libertador,514,0,1,
500,4,Córdoba,Purisima,515,0,1,
501,4,Córdoba,Sahagun,516,0,1,
503,4,Córdoba,San Andres de Sotavento,517,0,1,
504,4,Córdoba,San Antero,518,0,1,
505,4,Córdoba,San Bernardo del Viento,519,0,1,
506,4,Córdoba,San Pelayo,521,0,1,
509,4,Córdoba,Urra,,0,1,
510,4,Córdoba,Valencia,523,0,1,
520,4,Atlántico,Baranoa,147,0,1,
521,4,Atlántico,Barranquilla,146,0,1,
523,4,Atlántico,Campo de la Cruz,148,0,1,
524,4,Atlántico,Candelaria,149,0,1,
525,4,Atlántico,Galapa,150,0,1,
526,4,Atlántico,Juan de Acosta,151,0,1,
527,4,Atlántico,Luruaco,152,0,1,
528,4,Atlántico,Manati,154,0,1,
529,4,Atlántico,Palmar de Varela,155,0,1,
530,4,Atlántico,Tubara,167,0,1,
532,4,Atlántico,Ponedera,158,0,1,
533,4,Atlántico,Puerto Colombia,159,0,1,
534,4,Atlántico,Repelon,160,0,1,
536,4,Atlántico,Sabanalarga,162,0,1,
537,4,Atlántico,Santa Lucia,163,0,1,
538,4,Atlántico,Santo Tomas,164,0,1,
539,4,Atlántico,Suan,166,0,1,
541,4,Atlántico,Usiacuri,168,0,1,
542,4,Bolivar,Achi,170,0,1,
543,4,Bolivar,Arjona,173,0,1,
545,4,Bolivar,Barranco de Loba,175,0,1,
547,4,Bolivar,Calamar,176,0,1,
548,4,Bolivar,Cartagena,169,0,1,
551,4,Bolivar,Cordoba,180,0,1,
553,4,Bolivar,El Guamo,182,0,1,
554,4,Bolivar,Magangue,185,0,1,
555,4,Bolivar,Mahates,186,0,1,
557,4,Bolivar,Margarita,187,0,1,
558,4,Bolivar,Maria La Baja,188,0,1,
559,4,Bolivar,Mompos,189,0,1,
560,4,Bolivar,Morales,191,0,1,
561,4,Bolivar,Pinillos,192,0,1,
563,4,Bolivar,San Estanislao,196,0,1,
564,4,Bolivar,San Fernando,197,0,1,
565,4,Bolivar,San Jacinto,198,0,1,
566,4,Bolivar,San Juan Nepomuceno,200,0,1,
567,4,Bolivar,San Martin de Loba,201,0,1,
568,4,Bolivar,Santa Catalina,203,0,1,
569,4,Bolivar,Simití,206,0,1,
570,4,Bolivar,Santa Rosa,204,0,1,
574,4,Bolivar,Talaigua Nuevo,208,0,1,
575,4,Bolivar,Turbana,211,0,1,
576,4,Bolivar,Villanueva,212,0,1,
577,4,Bolivar,Zambrano,213,0,1,
578,4,Cesar,Aguachica,441,0,1,
579,4,Cesar,Astrea,443,0,1,
580,4,Cesar,Becerril,444,0,1,
581,4,Cesar,Bosconia,445,0,1,
582,4,Cesar,Chimichagua,446,0,1,
583,4,Cesar,Chiriguana,447,0,1,
584,4,Cesar,Agustín Codazzi,442,0,1,
585,4,Cesar,Curumani,448,0,1,
586,4,Cesar,El Copey,449,0,1,
587,4,Cesar,El Paso,450,0,1,
588,4,Cesar,Gamarra,451,0,1,
589,4,Cesar,La Gloria,453,0,1,
590,4,Cesar,La Jagua de Ibirico,454,0,1,
591,4,Cesar,La Paz,455,0,1,
592,4,Cesar,Manaure,456,0,1,
593,4,Cesar,Pailitas,457,0,1,
594,4,Cesar,Pelaya,458,0,1,
595,4,Cesar,Pueblo Bello,459,0,1,
596,4,Cesar,San Alberto,461,0,1,
597,4,Cesar,San Diego,462,0,1,
599,4,Cesar,San Martin,463,0,1,
600,4,Cesar,Tamalameque,464,0,1,
601,4,Cesar,Valledupar,440,0,1,
603,4,La Guajira,Albania,692,0,1,
604,4,La Guajira,Barrancas,693,0,1,
605,4,La Guajira,El Molino,696,0,1,
606,4,La Guajira,Fonseca,697,0,1,
608,4,La Guajira,Maicao,700,0,1,
609,4,La Guajira,Manaure,701,0,1,
611,4,La Guajira,Riohacha,691,0,1,
612,4,La Guajira,San Juan del Cesar,702,0,1,
613,4,La Guajira,Uribia,703,0,1,
614,4,La Guajira,Urumita,704,0,1,
615,4,La Guajira,Villanueva,705,0,1,
616,4,Magdalena,Aracataca,708,0,1,
617,4,Magdalena,Ariguani,709,0,1,
618,4,Magdalena,Chivolo,711,0,1,
619,4,Magdalena,Cienaga,712,0,1,
620,4,Magdalena,El Banco,714,0,1,
621,4,Magdalena,Fundacion,717,0,1,
622,4,Magdalena,Guamal,718,0,1,
623,4,Magdalena,Pivijay,722,0,1,
625,4,Magdalena,Remolino,725,0,1,
626,4,Magdalena,Salamina,727,0,1,
627,4,Magdalena,Santa Ana,730,0,1,
628,4,Magdalena,Santa Marta,706,0,1,
629,4,Magdalena,Sitionuevo,732,0,1,
630,4,Magdalena,Tenerife,733,0,1,
632,4,Sucre,Buenavista,996,0,1,
633,4,Sucre,Caimito,997,0,1,
634,4,Sucre,Corozal,1000,0,1,
636,4,Sucre,Galeras,1003,0,1,
637,4,Sucre,Majagual,1007,0,1,
638,4,Sucre,Ovejas,1009,0,1,
639,4,Sucre,Sampues,1011,0,1,
641,4,Sucre,San Marcos,1014,0,1,
642,4,Sucre,San Onofre,1015,0,1,
643,4,Sucre,San Pedro,1016,0,1,
644,4,Sucre,Since,1017,0,1,
645,4,Sucre,Sincelejo,995,0,1,
646,4,Sucre,Sucre,1018,0,1,
647,4,Sucre,Tolu,1019,0,1,
648,4,Sucre,Toluviejo,1020,0,1,
649,4,Caldas,Aguadas,338,0,1,
650,4,Caldas,Anserma,339,0,1,
651,4,Caldas,Aranzazu,340,0,1,
653,4,Caldas,Belalcazar,341,0,1,
657,4,Caldas,Chinchina,342,0,1,
659,4,Caldas,Filadelfia,343,0,1,
663,4,Caldas,La Dorada,344,0,1,
664,4,Caldas,La Merced,345,0,1,
666,4,Caldas,Manizales,337,0,1,
669,4,Caldas,Manzanares,346,0,1,
670,4,Caldas,Marmato,347,0,1,
671,4,Caldas,Marquetalia,348,0,1,
672,4,Caldas,Marulanda,349,0,1,
674,4,Caldas,Neira,350,0,1,
677,4,Caldas,Pacora,352,0,1,
680,4,Caldas,Pensilvania,354,0,1,
681,4,Caldas,Riosucio,355,0,1,
682,4,Caldas,Risaralda,356,0,1,
683,4,Caldas,Salamina,357,0,1,
684,4,Caldas,Samana,358,0,1,
691,4,Caldas,Supia,360,0,1,
692,4,Caldas,Victoria,361,0,1,
693,4,Caldas,Viterbo,363,0,1,
694,4,Chocó,San Jose del Palmar,491,0,1,
695,4,Cundinamarca,Puerto Salgar,594,0,1,
696,4,Quindío,Armenia,882,0,1,
698,4,Quindío,Buenavista,883,0,1,
699,4,Quindío,Calarca,884,0,1,
700,4,Quindío,Circasia,885,0,1,
701,4,Quindío,Cordoba,886,0,1,
702,4,Quindío,Filandia,887,0,1,
703,4,Quindío,Genova,888,0,1,
704,4,Quindío,La Tebaida,889,0,1,
705,4,Quindío,Montenegro,890,0,1,
706,4,Quindío,Pijao,891,0,1,
708,4,Quindío,Quimbaya,892,0,1,
709,4,Quindío,Salento,893,0,1,
711,4,Risaralda,Apia,895,0,1,
712,4,Risaralda,Balboa,896,0,1,
713,4,Risaralda,Belen de Umbria,897,0,1,
714,4,Risaralda,Dosquebradas,898,0,1,
715,4,Risaralda,Guatica,899,0,1,
717,4,Risaralda,La Celia,900,0,1,
718,4,Risaralda,La Virginia,901,0,1,
719,4,Risaralda,Marsella,902,0,1,
720,4,Risaralda,Mistrato,903,0,1,
721,4,Risaralda,Pereira,894,0,1,
723,4,Risaralda,Pueblo Rico,904,0,1,
724,4,Risaralda,Quinchia,905,0,1,
727,4,Risaralda,Santa Rosa de Cabal,906,0,1,
728,4,Risaralda,Santuario,907,0,1,
730,4,Arauca,Arauca,137,0,1,
731,4,Arauca,Arauquita,138,0,1,
732,4,Arauca,Cravo Norte,139,0,1,
733,4,Arauca,Fortul,140,0,1,
735,4,Arauca,Puerto Rondon,141,0,1,
736,4,Arauca,Saravena,142,0,1,
737,4,Arauca,Tame,143,0,1,
739,4,Boyacá,Cubara,242,0,1,
741,4,Norte de Santander,Abrego,830,0,1,
742,4,Norte de Santander,Arboledas,831,0,1,
743,4,Norte de Santander,Bochalema,832,0,1,
744,4,Norte de Santander,Bucarasica,833,0,1,
745,4,Norte de Santander,Cacota,835,0,1,
746,4,Norte de Santander,Chinacota,836,0,1,
747,4,Norte de Santander,Chitaga,837,0,1,
748,4,Norte de Santander,Convencion,838,0,1,
749,4,Norte de Santander,Cucuta,829,0,1,
751,4,Norte de Santander,Cucutilla,839,0,1,
752,4,Norte de Santander,Durania,840,0,1,
753,4,Norte de Santander,El Carmen,841,0,1,
754,4,Norte de Santander,El Tarra,842,0,1,
755,4,Norte de Santander,Gramalote,844,0,1,
757,4,Norte de Santander,Hacari,845,0,1,
758,4,Norte de Santander,Herran,846,0,1,
760,4,Norte de Santander,La Esperanza,847,0,1,
762,4,Norte de Santander,La Playa,848,0,1,
763,4,Norte de Santander,Labateca,849,0,1,
765,4,Norte de Santander,Lourdes,851,0,1,
766,4,Norte de Santander,Mutiscua,852,0,1,
767,4,Norte de Santander,Ocaña,853,0,1,
769,4,Norte de Santander,Pamplona,854,0,1,
770,4,Norte de Santander,Puerto Santander,856,0,1,
771,4,Norte de Santander,Ragonvalia,857,0,1,
772,4,Norte de Santander,Salazar,858,0,1,
774,4,Norte de Santander,San Cayetano,860,0,1,
775,4,Norte de Santander,Santiago,861,0,1,
776,4,Norte de Santander,Sardinata,862,0,1,
777,4,Norte de Santander,Silos,863,0,1,
778,4,Norte de Santander,Teorama,864,0,1,
779,4,Norte de Santander,Tibu,865,0,1,
780,4,Norte de Santander,Toledo,866,0,1,
781,4,Norte de Santander,Villa del Rosario,868,0,1,
783,4,Santander,Aratoca,911,0,1,
784,4,Santander,Barbosa,912,0,1,
785,4,Santander,Barichara,913,0,1,
786,4,Santander,Barrancabermeja,914,0,1,
787,4,Santander,Betulia,915,0,1,
788,4,Santander,Bolivar,916,0,1,
789,4,Santander,Bucaramanga,908,0,1,
793,4,Santander,Capitanejo,919,0,1,
794,4,Santander,Carcasi,920,0,1,
795,4,Santander,Cerrito,922,0,1,
796,4,Santander,Charala,923,0,1,
797,4,Santander,Cimitarra,927,0,1,
799,4,Santander,Concepcion,928,0,1,
800,4,Santander,Contratacion,930,0,1,
801,4,Santander,Curiti,932,0,1,
803,4,Santander,El Playon,936,0,1,
804,4,Santander,Guaca,944,0,1,
805,4,Santander,Guadalupe,945,0,1,
806,4,Santander,Guavata,947,0,1,
807,4,Santander,Güepsa,948,0,1,
808,4,Santander,Landazuri,954,0,1,
809,4,Santander,Lebrija,955,0,1,
810,4,Santander,Los Santos,956,0,1,
811,4,Santander,Malaga,958,0,1,
812,4,Santander,Matanza,959,0,1,
814,4,Santander,Mogotes,960,0,1,
815,4,Santander,Molagavita,961,0,1,
816,4,Santander,Oiba,963,0,1,
818,4,Santander,Onzaga,964,0,1,
819,4,Santander,Piedecuesta,968,0,1,
820,4,Santander,Puente Nacional,970,0,1,
821,4,Santander,Puerto Parra,971,0,1,
822,4,Santander,Puerto Wilches,972,0,1,
823,4,Santander,Rionegro,973,0,1,
824,4,Santander,Sabana de Torres,974,0,1,
825,4,Santander,San Andres,975,0,1,
826,4,Santander,San Gil,977,0,1,
827,4,Santander,San Jose de Miranda,979,0,1,
829,4,Santander,San Vicente de Chucuri,981,0,1,
830,4,Santander,Simacota,984,0,1,
831,4,Santander,Socorro,985,0,1,
832,4,Santander,Suaita,986,0,1,
833,4,Santander,Surata,988,0,1,
835,4,Santander,Valle de San Jose,990,0,1,
836,4,Santander,Velez,991,0,1,
837,4,Santander,Vetas,992,0,1,
838,4,Santander,Villanueva,993,0,1,
839,4,Amazonas,Leticia,1,0,1,
840,4,Boyacá,Aquitania,216,0,1,
841,4,Boyacá,Arcabuco,217,0,1,
842,4,Boyacá,Belen,218,0,1,
843,4,Boyacá,Nobsa,272,0,1,
844,4,Boyacá,Boavita,221,0,1,
845,4,Boyacá,Boyaca,222,0,1,
846,4,Boyacá,Cerinza,228,0,1,
847,4,Boyacá,Chinavita,229,0,1,
848,4,Boyacá,Chiquinquira,230,0,1,
849,4,Boyacá,Chiscas,232,0,1,
850,4,Boyacá,Chita,233,0,1,
851,4,Boyacá,Chitaraque,234,0,1,
852,4,Boyacá,Chivor,236,0,1,
853,4,Boyacá,Cienega,237,0,1,
854,4,Boyacá,Combita,238,0,1,
855,4,Boyacá,Corrales,240,0,1,
856,4,Boyacá,Cucaita,243,0,1,
857,4,Boyacá,Duitama,245,0,1,
858,4,Boyacá,El Cocuy,246,0,1,
859,4,Boyacá,El Espino,247,0,1,
861,4,Boyacá,Floresta,249,0,1,
863,4,Boyacá,Garagoa,252,0,1,
864,4,Boyacá,Guateque,254,0,1,
865,4,Boyacá,Guayata,255,0,1,
867,4,Boyacá,Iza,257,0,1,
869,4,Boyacá,La Capilla,260,0,1,
870,4,Boyacá,La Uvita,261,0,1,
871,4,Boyacá,Macanal,264,0,1,
873,4,Boyacá,Miraflores,266,0,1,
874,4,Boyacá,Mongua,267,0,1,
875,4,Boyacá,Mongui,268,0,1,
876,4,Boyacá,Moniquira,269,0,1,
877,4,Boyacá,Muzo,271,0,1,
879,4,Boyacá,Nuevo Colon,273,0,1,
880,4,Boyacá,Otanche,275,0,1,
881,4,Boyacá,Pachavita,276,0,1,
882,4,Boyacá,Paez,277,0,1,
883,4,Boyacá,Paipa,278,0,1,
884,4,Boyacá,Pajarito,279,0,1,
885,4,Boyacá,Pauna,281,0,1,
887,4,Boyacá,Pesca,284,0,1,
888,4,Boyacá,Puerto Boyaca,286,0,1,
889,4,Boyacá,Ramiriqui,288,0,1,
890,4,Boyacá,Raquira,289,0,1,
891,4,Boyacá,Saboya,291,0,1,
892,4,Boyacá,Sachica,292,0,1,
893,4,Boyacá,Samaca,293,0,1,
894,4,Boyacá,San Jose de Pare,295,0,1,
895,4,Boyacá,San Luis de Gaceno,296,0,1,
896,4,Boyacá,San Mateo,297,0,1,
897,4,Boyacá,San Miguel de Sema,298,0,1,
898,4,Boyacá,San Pablo de Borbur,299,0,1,
899,4,Boyacá,Santa Maria,300,0,1,
900,4,Boyacá,Santa Rosa de Viterbo,301,0,1,
901,4,Boyacá,Santa Sofia,302,0,1,
902,4,Boyacá,Santana,303,0,1,
904,4,Boyacá,Soata,307,0,1,
905,4,Boyacá,Socha,308,0,1,
906,4,Boyacá,Socota,309,0,1,
907,4,Boyacá,Sogamoso,310,0,1,
908,4,Boyacá,Somondoco,311,0,1,
909,4,Boyacá,Sotaquira,314,0,1,
910,4,Boyacá,Susacon,315,0,1,
911,4,Boyacá,Sutamarchan,316,0,1,
912,4,Boyacá,Sutatenza,317,0,1,
913,4,Boyacá,Tasco,318,0,1,
914,4,Boyacá,Tenza,319,0,1,
915,4,Boyacá,Tibana,320,0,1,
916,4,Boyacá,Tibasosa,321,0,1,
917,4,Boyacá,Tinjaca,322,0,1,
918,4,Boyacá,Tipacoque,323,0,1,
919,4,Boyacá,Toca,324,0,1,
920,4,Boyacá,Togüí,325,0,1,
921,4,Boyacá,Topaga,326,0,1,
922,4,Boyacá,Tunja,214,0,1,
924,4,Boyacá,Turmeque,329,0,1,
925,4,Boyacá,Tuta,330,0,1,
926,4,Boyacá,Ventaquemada,333,0,1,
927,4,Boyacá,Villa de Leyva,334,0,1,
928,4,Boyacá,Viracacha,335,0,1,
929,4,Boyacá,Zetaquira,336,0,1,
930,4,Caquetá,Albania,365,0,1,
931,4,Caquetá,Belen de Los Andaquies,366,0,1,
932,4,Caquetá,Cartagena del Chaira,367,0,1,
933,4,Caquetá,Curillo,368,0,1,
934,4,Caquetá,El Doncello,369,0,1,
935,4,Caquetá,El Paujil,370,0,1,
936,4,Caquetá,Florencia,364,0,1,
938,4,Caquetá,Milan,371,0,1,
939,4,Caquetá,Morelia,373,0,1,
940,4,Caquetá,Puerto Rico,374,0,1,
942,4,Caquetá,San Vicente del Caguan,376,0,1,
943,4,Caquetá,Valparaiso,379,0,1,
944,4,Casanare,Aguazul,381,0,1,
945,4,Casanare,Chameza,382,0,1,
947,4,Casanare,Tauramena,396,0,1,
948,4,Casanare,Hato Corozal,383,0,1,
949,4,Casanare,Mani,385,0,1,
950,4,Casanare,Monterrey,386,0,1,
951,4,Casanare,Nunchia,387,0,1,
952,4,Casanare,Orocue,388,0,1,
953,4,Casanare,Paz de Ariporo,389,0,1,
954,4,Casanare,Pore,390,0,1,
955,4,Casanare,Recetor,391,0,1,
956,4,Casanare,Sabanalarga,392,0,1,
957,4,Casanare,San Luis de Palenque,394,0,1,
958,4,Casanare,Tamara,395,0,1,
960,4,Casanare,Trinidad,397,0,1,
961,4,Casanare,Villanueva,398,0,1,
962,4,Casanare,Yopal,380,0,1,
964,4,Chocó,Acandi,466,0,1,
965,4,Cundinamarca,Beltran,531,0,1,
967,4,Cundinamarca,Medina,582,0,1,
968,4,Cundinamarca,Paratebueno,592,0,1,
970,4,Guaviare,San Jose del Guaviare,650,0,1,
971,4,Huila,Acevedo,655,0,1,
972,4,Huila,Agrado,656,0,1,
973,4,Huila,Aipe,657,0,1,
974,4,Huila,Algeciras,658,0,1,
975,4,Huila,Altamira,659,0,1,
976,4,Huila,Baraya,660,0,1,
977,4,Huila,La Plata,671,0,1,
979,4,Huila,Campoalegre,661,0,1,
980,4,Huila,Colombia,662,0,1,
984,4,Huila,Garzon,664,0,1,
985,4,Huila,Gigante,665,0,1,
986,4,Huila,Guadalupe,666,0,1,
987,4,Huila,Hobo,667,0,1,
988,4,Huila,Iquira,668,0,1,
989,4,Huila,La Argentina,670,0,1,
995,4,Huila,Nataga,672,0,1,
996,4,Huila,Neiva,654,0,1,
999,4,Huila,Oporapa,673,0,1,
1000,4,Huila,Tesalia,687,0,1,
1001,4,Huila,Paicol,674,0,1,
1002,4,Huila,Palermo,675,0,1,
1003,4,Huila,Palestina,676,0,1,
1004,4,Huila,Pital,677,0,1,
1005,4,Huila,Pitalito,678,0,1,
1007,4,Huila,Tarqui,684,0,1,
1008,4,Huila,Rivera,679,0,1,
1010,4,Huila,Saladoblanco,680,0,1,
1011,4,Huila,San Agustin,681,0,1,
1014,4,Huila,Santa Maria,682,0,1,
1015,4,Huila,Suaza,683,0,1,
1017,4,Huila,Tello,685,0,1,
1018,4,Huila,Teruel,686,0,1,
1020,4,Huila,Timana,688,0,1,
1023,4,Huila,Yaguara,690,0,1,
1025,4,Meta,Acacias,737,0,1,
1027,4,Meta,Castilla La Nueva,740,0,1,
1028,4,Meta,Cubarral,741,0,1,
1029,4,Meta,Cumaral,742,0,1,
1031,4,Meta,Fuente de Oro,746,0,1,
1032,4,Meta,Granada,747,0,1,
1033,4,Meta,Guamal,748,0,1,
1034,4,Meta,Lejanias,750,0,1,
1035,4,Meta,Puerto Gaitan,754,0,1,
1036,4,Meta,Puerto Lleras,755,0,1,
1037,4,Meta,Puerto Lopez,756,0,1,
1039,4,Meta,Puerto Rico,757,0,1,
1040,4,Meta,Restrepo,758,0,1,
1043,4,Meta,San Juan de Arama,760,0,1,
1044,4,Meta,San Martin,762,0,1,
1045,4,Meta,Villavicencio,736,0,1,
1050,4,Putumayo,Colon,870,0,1,
1051,4,Putumayo,La Hormiga,880,0,1,
1053,4,Putumayo,Mocoa,869,0,1,
1054,4,Putumayo,Orito,871,0,1,
1055,4,Putumayo,Puerto Asis,872,0,1,
1056,4,Putumayo,Puerto Caicedo,873,0,1,
1057,4,Putumayo,Puerto Leguizamo,875,0,1,
1058,4,Putumayo,San Francisco,877,0,1,
1059,4,Putumayo,Santiago,878,0,1,
1060,4,Putumayo,Sibundoy,879,0,1,
1065,4,Tolima,Alpujarra,1022,0,1,
1066,4,Tolima,Alvarado,1023,0,1,
1067,4,Tolima,Ambalema,1024,0,1,
1068,4,Tolima,Anzoategui,1025,0,1,
1069,4,Tolima,Ataco,1027,0,1,
1070,4,Tolima,Cajamarca,1028,0,1,
1071,4,Tolima,Carmen de Apicala,1029,0,1,
1074,4,Tolima,Chaparral,1031,0,1,
1077,4,Tolima,Coello,1032,0,1,
1079,4,Tolima,Coyaima,1033,0,1,
1080,4,Tolima,Cunday,1034,0,1,
1082,4,Tolima,Dolores,1035,0,1,
1084,4,Tolima,Espinal,1036,0,1,
1085,4,Tolima,Falan,1037,0,1,
1086,4,Tolima,Flandes,1038,0,1,
1088,4,Tolima,Fresno,1039,0,1,
1091,4,Tolima,Guamo,1040,0,1,
1093,4,Tolima,Herveo,1041,0,1,
1094,4,Tolima,Honda,1042,0,1,
1096,4,Tolima,Ibague,1021,0,1,
1102,4,Tolima,Lerida,1044,0,1,
1103,4,Tolima,Libano,1045,0,1,
1104,4,Tolima,Mariquita,1046,0,1,
1105,4,Tolima,Melgar,1047,0,1,
1107,4,Tolima,Murillo,1048,0,1,
1108,4,Tolima,Natagaima,1049,0,1,
1110,4,Tolima,Ortega,1050,0,1,
1113,4,Tolima,Palocabildo,1051,0,1,
1115,4,Tolima,Piedras,1052,0,1,
1116,4,Tolima,Planadas,1053,0,1,
1118,4,Tolima,Prado,1054,0,1,
1120,4,Tolima,Purificacion,1055,0,1,
1121,4,Tolima,Rioblanco,1056,0,1,
1122,4,Tolima,Roncesvalles,1057,0,1,
1123,4,Tolima,Rovira,1058,0,1,
1124,4,Tolima,Saldaña,1059,0,1,
1125,4,Tolima,San Antonio,1060,0,1,
1126,4,Tolima,San Luis,1061,0,1,
1127,4,Tolima,Santa Isabel,1062,0,1,
1130,4,Tolima,Suarez,1063,0,1,
1132,4,Tolima,Valle de San Juan,1064,0,1,
1134,4,Tolima,Venadillo,1065,0,1,
1135,4,Tolima,Villahermosa,1066,0,1,
1136,4,Tolima,Villarrica,1067,0,1,
1137,4,Vichada,Puerto Carreño,1116,0,1,
1138,4,Vaupés,Mitu,1110,0,1,
1143,4,Santander,Zapatoca,994,0,1,
1145,4,Santander,Charta,924,0,1,
1146,4,Santander,Tona,989,0,1,
1147,4,Santander,San Miguel,980,0,1,
1148,4,Santander,Chima,925,0,1,
1149,4,Santander,Galan,941,0,1,
1150,4,Santander,San Joaquin,978,0,1,
1470,4,Cundinamarca,Guataqui,566,0,1,
1471,4,Cundinamarca,Nariño,584,0,1,
1472,4,Cundinamarca,Quebradanegra,596,0,1,
1473,4,Cundinamarca,Ricaurte,599,0,1,
1476,4,Antioquia,Olaya,86,0,1,
1477,4,Atlántico,Piojo,156,0,1,
1479,4,Boyacá,Maripi,265,0,1,
1480,4,Boyacá,Quipama,287,0,1,
1481,4,Boyacá,Sora,312,0,1,
1484,4,Cauca,Paez,421,0,1,
1486,4,Cauca,Sotara,432,0,1,
1487,4,Chocó,Bajo Baudo,471,0,1,
1489,4,Córdoba,Canalete,499,0,1,
1490,4,Córdoba,Chima,501,0,1,
1491,4,Córdoba,Cotorra,504,0,1,
1492,4,Córdoba,Los Cordobas,507,0,1,
1493,4,Córdoba,Moñitos,510,0,1,
1494,4,Córdoba,Puerto Escondido,513,0,1,
1495,4,Córdoba,San Carlos,520,0,1,
1496,4,Guaviare,Calamar,651,0,1,
1497,4,Guaviare,Miraflores,653,0,1,
1498,4,Vichada,Santa Rosalia,1119,0,1,
1499,4,Huila,Isnos,669,0,1,
1500,4,La Guajira,Dibulla,694,0,1,
1501,4,Magdalena,Cerro de San Antonio,710,0,1,
1502,4,Magdalena,El Piñon,715,0,1,
1503,4,Magdalena,Pedraza,720,0,1,
1504,4,Meta,El Castillo,744,0,1,
1505,4,Meta,La Macarena,749,0,1,
1506,4,Meta,Mesetas,752,0,1,
1507,4,Nariño,Alban,766,0,1,
1508,4,Nariño,Contadero,776,0,1,
1509,4,Nariño,Cuaspud,778,0,1,
1511,4,Nariño,El Tambo,785,0,1,
1512,4,Nariño,Iles,791,0,1,
1513,4,Nariño,Imues,792,0,1,
1514,4,Nariño,Nariño,805,0,1,
1515,4,Nariño,Ospina,807,0,1,
1516,4,Nariño,Sapuyes,823,0,1,
1517,4,Nariño,Yacuanquer,828,0,1,
1518,4,Putumayo,San Miguel,876,0,1,
1519,4,Santander,Enciso,938,0,1,
1520,4,Santander,Floridablanca,940,0,1,
1521,4,Santander,Gambita,942,0,1,
1522,4,Santander,Giron,943,0,1,
1523,4,Santander,La Paz,953,0,1,
1524,4,Sucre,Chalan,998,0,1,
1525,4,Sucre,Coloso,999,0,1,
1526,4,Sucre,Guaranda,1004,0,1,
1527,4,Sucre,La Union,1005,0,1,
1528,4,Sucre,Los Palmitos,1006,0,1,
1529,4,Sucre,Morroa,1008,0,1,
1530,4,Sucre,Palmito,1010,0,1,
1531,4,Sucre,San Juan de Betulia,1013,0,1,
1548,4,Cundinamarca,Bogotá D.C.,524,0,1,
1555,4,Cundinamarca,San Juan de Rioseco,604,0,1,
1556,4,Cundinamarca,San Antonio de Tequendama,600,0,1,
1561,4,Valle del Cauca,Bugalagrande,1076,0,1,
1563,4,Valle del Cauca,Calima (Darien),1078,0,1,
1565,4,Valle del Cauca,Yumbo,1108,0,1,
1568,4,Nariño,La Tola,797,0,1,
1569,4,Nariño,Providencia,810,0,1,
1570,4,Cauca,El Bordo,422,0,1,
1571,4,Cauca,López de Micai,416,0,1,
1572,4,Cauca,Santa Rosa,429,0,1,
1573,4,Cauca,Villa Rica,439,0,1,
1574,4,Antioquia,Area Metropolitana del Valle de Aburra,,0,1,
1575,4,Chocó,El Carmen de Atrato,478,0,1,
1576,4,Chocó,Bojayá,473,0,1,
1579,4,Córdoba,Tierralta,522,0,1,
1582,4,Antioquia,Ciudad Bolivar,47,0,1,
1583,4,Antioquia,El Peñol,87,0,1,
1584,4,Antioquia,Santa Fe Antioquia,114,0,1,
1585,4,Sucre,San Benito,1012,0,1,
1586,4,Magdalena,Plato,723,0,1,
1588,4,Bolivar,San Pablo,202,0,1,
1589,4,Bolivar,Santa Rosa del Sur,205,0,1,
1590,4,Bolivar,Soplaviento,207,0,1,
1591,4,Bolivar,El Carmen de Bolívar,181,0,1,
1593,4,La Guajira,Hato Nuevo,698,0,1,
1594,4,Atlántico,Sabanagrande,161,0,1,
1595,4,Atlántico,Polonuevo,157,0,1,
1596,4,Caldas,San José,359,0,1,
1597,4,Norte de Santander,San Calixto,859,0,1,
1598,4,Norte de Santander,Cachira,834,0,1,
1599,4,Santander,El Carmen de Chucuri,933,0,1,
1602,4,Arauca,Puerto Nariño,,0,1,
1604,4,Tolima,Armero (Guayabal),1026,0,1,
1605,4,Tolima,Casabianca,1030,0,1,
1606,4,Putumayo,Villagarzón,881,0,1,
1607,4,Caquetá,Montañita,372,0,1,
1608,4,Caquetá,San Jose de Fragua,375,0,1,
1609,4,San Andrés Islas,San Andrés,144,0,1,
1610,4,San Andrés Islas,Providencia,145,0,1,
1611,4,Guainia,Puerto Inírida,641,0,1,
1613,4,Meta,Vistahermosa,764,0,1,
1614,4,Meta,San Carlos de Guaroa,759,0,1,
1615,4,Boyacá,Jenesano,258,0,1,
1616,4,Boyacá,Firavitoba,248,0,1,
1617,4,Boyacá,Gámeza,251,0,1,
1619,4,Boyacá,Paz del Rio,283,0,1,
1620,4,Boyacá,Güicán,256,0,1,
1621,4,Boyacá,Sativanorte,304,0,1,
1622,4,Huila,Villavieja,689,0,1,
1623,4,Cundinamarca,Soacha,610,0,1,
1624,4,Cundinamarca,Puli,595,0,1,
1625,4,Cundinamarca,Paime,590,0,1,
1626,4,Cundinamarca,San Cayetano,602,0,1,
1627,4,Cundinamarca,Topaipi,625,0,1,
1628,4,Cundinamarca,Villagómez,634,0,1,
1629,4,Cundinamarca,El Peñon,549,0,1,
1631,4,Nariño,Consacá,775,0,1,
1632,4,Nariño,Arboleda,769,0,1,
1633,4,Nariño,Cumbitara,780,0,1,
1634,4,Nariño,San Pedro de Cartago,819,0,1,
1635,4,Nariño,Ancuya,768,0,1,
1636,4,Nariño,El Rosario,783,0,1,
1637,4,Nariño,El Tablón,784,0,1,
1638,4,Nariño,La Florida,795,0,1,
1639,4,Nariño,Leiva,799,0,1,
1640,4,Nariño,Los Andes,801,0,1,
1641,4,Nariño,Olaya Herrera,806,0,1,
1642,4,Nariño,Francisco Pizarro,786,0,1,
1643,4,Nariño,Policarpa,808,0,1,
1644,4,Nariño,Ricaurte,813,0,1,
1645,4,Nariño,Roberto Payán,814,0,1,
1646,4,Nariño,Magui,802,0,1,
1647,4,Nariño,Mallama,803,0,1,
1648,4,Nariño,Mosquera,804,0,1,
1649,4,Nariño,Linares,800,0,1,
1650,4,Nariño,San Lorenzo,817,0,1,
1651,4,Nariño,Santa Barbara,821,0,1,
1652,4,Nariño,Santa Cruz,822,0,1,
1653,4,Nariño,Timinango,824,0,1,
1654,4,Cauca,Florencia,410,0,1,
1655,4,Cauca,Argelia,401,0,1,
1656,4,Cauca,San Sebastián,428,0,1,
1658,4,Antioquia,Caldas,36,0,1,
1659,4,Antioquia,Bello,28,0,1,
1660,4,Antioquia,Envigado,57,0,1,
1661,4,Antioquia,Sabaneta,97,0,1,
1662,4,Chocó,Alto Baudo,467,0,1,
1663,4,Chocó,Bagadó,469,0,1,
1664,4,Chocó,San Juan,481,0,1,
1665,4,Chocó,Juradó,480,0,1,
1666,4,Chocó,Lloro,482,0,1,
1667,4,Chocó,Novita,486,0,1,
1668,4,Chocó,Sipi,492,0,1,
1669,4,Atlántico,Soledad,165,0,1,
1670,4,Magdalena,San Sebastián de Buenavista,728,0,1,
1671,4,Cesar,González,452,0,1,
1672,4,Cesar,Rio de Oro,460,0,1,
1673,4,Bolivar,Rioviejo,194,0,1,
1674,4,Caldas,Villamaría,362,0,1,
1675,4,Norte de Santander,Pamplonita,855,0,1,
1676,4,Norte de Santander,Los Patios,850,0,1,
1677,4,Norte de Santander,Villa Caro,867,0,1,
1678,4,Santander,California,918,0,1,
1679,4,Santander,Macaravita,957,0,1,
1680,4,Santander,Santa Barbara,982,0,1,
1681,4,Santander,Confines,929,0,1,
1682,4,Santander,Páramo,967,0,1,
1683,4,Santander,Encino,937,0,1,
1684,4,Santander,Coromoro,931,0,1,
1685,4,Santander,Cabrera,917,0,1,
1686,4,Santander,Santa Helena del Opón,983,0,1,
1687,4,Santander,El Guacamayo,934,0,1,
1688,4,Santander,Hato,949,0,1,
1689,4,Santander,Palmar,965,0,1,
1690,4,Santander,Palmas del Socorro,966,0,1,
1691,4,Santander,Jordan,951,0,1,
1692,4,Santander,Cepita,921,0,1,
1693,4,Santander,Pinchote,969,0,1,
1694,4,Santander,Ocamonte,962,0,1,
1695,4,Santander,Guapota,946,0,1,
1696,4,Santander,Aguada,909,0,1,
1697,4,Santander,San Benito,976,0,1,
1698,4,Santander,Albania,910,0,1,
1699,4,Santander,Sucre,987,0,1,
1700,4,Santander,Jesús María,950,0,1,
1701,4,Santander,El Peñon,935,0,1,
1702,4,Santander,Florian,939,0,1,
1703,4,Santander,La Belleza,952,0,1,
1704,4,Santander,Chipatá,926,0,1,
1705,4,Caquetá,Solano,377,0,1,
1706,4,Casanare,La Salina,384,0,1,
1707,4,Casanare,Sacama,393,0,1,
1708,4,Meta,Barranca de Upía,738,0,1,
1709,4,Meta,Cabuyaro,739,0,1,
1710,4,Meta,San Juanito,761,0,1,
1711,4,Meta,El Calvario,743,0,1,
1712,4,Meta,Mapiripán,751,0,1,
1713,4,Meta,Uribe,763,0,1,
1714,4,Boyacá,La Victoria,262,0,1,
1715,4,Boyacá,Tunungua,328,0,1,
1716,4,Boyacá,Buenavista,224,0,1,
1717,4,Boyacá,Briceño,223,0,1,
1718,4,Boyacá,Caldas,226,0,1,
1719,4,Boyacá,Coper,239,0,1,
1720,4,Boyacá,Umbita,332,0,1,
1721,4,Boyacá,Siachoque,306,0,1,
1722,4,Boyacá,Gachantiva,250,0,1,
1723,4,Boyacá,Motavita,270,0,1,
1724,4,Boyacá,Oicatá,274,0,1,
1725,4,Boyacá,Rondón,290,0,1,
1726,4,Boyacá,San Eduardo,294,0,1,
1727,4,Boyacá,Berbeo,219,0,1,
1728,4,Boyacá,Soracá,313,0,1,
1729,4,Boyacá,Chiquiza,231,0,1,
1730,4,Boyacá,Chivatá,235,0,1,
1731,4,Boyacá,Campohermoso,227,0,1,
1732,4,Boyacá,Almeida,215,0,1,
1733,4,Boyacá,Tota,327,0,1,
1734,4,Boyacá,Cuitiva,244,0,1,
1735,4,Boyacá,Covarachía,241,0,1,
1736,4,Boyacá,Jericó,259,0,1,
1737,4,Boyacá,Guacamayas,253,0,1,
1738,4,Boyacá,Panqueba,280,0,1,
1739,4,Boyacá,Tutazá,331,0,1,
1740,4,Boyacá,Busbanza,225,0,1,
1741,4,Boyacá,Pisva,285,0,1,
1742,4,Boyacá,Paya,282,0,1,
1743,4,Boyacá,Labranzagrande,263,0,1,
1744,4,Boyacá,Beteitiva,220,0,1,
1745,4,Boyacá,Sativasur,305,0,1,
1746,4,Huila,Elias,663,0,1,
1747,5,Africa,Seychelles,,0,,
1748,5,Africa,Sudan,,0,,
1749,5,Africa,Rwanda,,0,,
1750,5,Africa,Etiopia,,0,,
1751,5,Africa,Somalia,,0,,
1752,5,Africa,Djibouti,,0,,
1753,5,Africa,Kenya,,0,,
1754,5,Africa,Tanzania,,0,,
1755,5,Africa,Uganda,,0,,
1756,5,Africa,Burundi,,0,,
1757,5,Africa,Mozambique,,0,,
1758,5,Africa,Zambia,,0,,
1759,5,Africa,Madagascar,,0,,
1760,5,Africa,"Reunion, Isla",,0,,
1761,5,Africa,Zimbabwe,,0,,
1762,5,Africa,Namibia,,0,,
1763,5,Africa,Malawi,,0,,
1764,5,Africa,Lesotho,,0,,
1765,5,Africa,Botswana,,0,,
1766,5,Africa,Swazilandia,,0,,
1767,5,Africa,Comoras,,0,,
1768,5,Africa,"Mayotte (Mahore), Isla",,0,,
1769,5,Africa,Sudafrica,,0,,
1770,5,Africa,"Santa Helena, Isla",,0,,
1771,5,Mar Caribe,Aruba,,0,,
1772,5,Europa,"Feroe, Islas",,0,,
1773,5,América del Norte,Groenlandia,,0,,
1774,5,Europa,Grecia,,0,,
1775,5,Europa,Países Bajos (Holanda),,0,,
1776,5,Europa,Belgica,,0,,
1777,5,Europa,Francia,,0,,
1778,5,Europa,España,,0,,
1779,5,Europa,Gibraltar,,0,,
1780,5,Europa,Portugal,,0,,
1781,5,Europa,Luxemburgo,,0,,
1782,5,Europa,Irlanda,,0,,
1783,5,Europa,Islandia,,0,,
1784,5,Europa,Albania,,0,,
1785,5,Europa,Malta,,0,,
1786,5,Europa,Chipre,,0,,
1787,5,Europa,Finlandia,,0,,
1788,5,Europa,Bulgaria,,0,,
1789,5,Europa,Hungria,,0,,
1790,5,Europa,Lituania,,0,,
1791,5,Europa,Letonia,,0,,
1792,5,Europa,Estonia,,0,,
1793,5,Europa,Moldova,,0,,
1794,5,Europa,Armenia,,0,,
1795,5,Europa,Belarus,,0,,
1796,5,Europa,Andorra,,0,,
1797,5,Europa,Monaco,,0,,
1798,5,Europa,San Marino,,0,,
1799,5,Europa,Ucrania,,0,,
1800,5,Europa,Yugoslavia,,0,,
1801,5,Europa,Croacia,,0,,
1802,5,Europa,Eslovenia,,0,,
1803,5,Europa,Bosnia y Herzegovina,,0,,
1804,5,Europa,Macedonia,,0,,
1805,5,Europa,Italia,,0,,
1806,5,Europa,Rumania,,0,,
1807,5,Europa,Suiza,,0,,
1808,5,Europa,Republica Checa,,0,,
1809,5,Europa,Eslovaquia,,0,,
1810,5,Europa,Liechtenstein,,0,,
1811,5,Europa,Austria,,0,,
1812,5,Europa,Reino Unido,,0,,
1813,5,Europa,Dinamarca,,0,,
1814,5,Europa,Suecia,,0,,
1815,5,Europa,Noruega,,0,,
1816,5,Europa,Polonia,,0,,
1817,5,Europa,Alemania,,0,,
1818,5,América del Sur,"Falkland (Malvinas), Islas",,0,,
1819,5,América Central,Belice,,0,,
1820,5,América Central,Guatemala,,0,,
1821,5,América Central,El Salvador,,0,,
1822,5,América Central,Honduras,,0,,
1823,5,América Central,Nicaragua,,0,,
1824,5,América Central,Costa Rica,,0,,
1825,5,América Central,Panama,,0,,
1826,5,América del Norte,"San Pedro y Miguelon, Islas",,0,,
1827,5,Mar Caribe,Haiti,,0,,
1828,5,América del Sur,Peru,,0,,
1829,5,América Central,Mexico,,0,,
1830,5,Mar Caribe,Cuba,,0,,
1831,5,América del Sur,Argentina,,0,,
1832,5,América del Sur,Brasil,,0,,
1833,5,América del Sur,Chile,,0,,
1835,5,América del Sur,Venezuela,,0,,
1836,5,Mar Caribe,"Guadalupe, Isla",,0,,
1837,5,América del Sur,Bolivia,,0,,
1838,5,América del Sur,Guyana,,0,,
1839,5,América del Sur,Ecuador,,0,,
1841,5,América del Sur,Guayana Francesa,,0,,
1842,5,América del Sur,Paraguay,,0,,
1843,5,Mar Caribe,"Martinica, Islas",,0,,
1844,5,América del Sur,Suriname,,0,,
1845,5,América del Sur,Uruguay,,0,,
1846,5,Mar Caribe,Antillas Holandesas,,0,,
1847,5,Asia,Malasia,,0,,
1848,5,Oceanía,Australia,,0,,
1849,5,Asia,Indonesia,,0,,
1850,5,Asia,Filipinas,,0,,
1851,5,Oceanía,Nueva Zelandia,,0,,
1852,5,Asia,Singapur,,0,,
1853,5,Asia,Tailandia,,0,,
1854,5,Asia,Brunei,,0,,
1855,5,Oceanía,Nauru,,0,,
1856,5,Oceanía,Papua Nueva Guinea,,0,,
1857,5,Oceanía,Tonga,,0,,
1858,5,Oceanía,Salomon,,0,,
1859,5,Oceanía,Vanuatu,,0,,
1860,5,Oceanía,Fiji,,0,,
1861,5,Oceanía,Palau,,0,,
1862,5,Oceanía,"Wallis y Futuna, Islas",,0,,
1863,5,Oceanía,"Cook, Islas",,0,,
1864,5,Oceanía,"Samoa Norteamericana, Islas",,0,,
1865,5,Oceanía,Samoa Occidental,,0,,
1866,5,Oceanía,Kiribati,,0,,
1867,5,Oceanía,Nueva Caledonia,,0,,
1868,5,Oceanía,Polinesia Francesa,,0,,
1869,5,Oceanía,Micronesia,,0,,
1870,5,Oceanía,"Marshall,rep. de las Islas",,0,,
1871,5,Asia,Kazajstan,,0,,
1872,5,Europa/Asia,Red Astelit (Rusia),,0,,
1873,5,Europa/Asia,Red Combelga (Moscu),,0,,
1874,5,Europa/Asia,Red Comstar (Moscu),,0,,
1875,5,Europa/Asia,Rusia,,0,,
1876,5,Asia,Japon,,0,,
1877,5,Asia,Corea del Sur,,0,,
1878,5,Asia,Vietnam,,0,,
1879,5,Asia,Corea del Norte,,0,,
1880,5,Asia,Hong Kong,,0,,
1881,5,Asia,Macao,,0,,
1882,5,Asia,Camboya,,0,,
1883,5,Asia,Laos,,0,,
1884,5,Asia,"China,republica Popular De",,0,,
1885,10,,Inmarsat,,0,,
1889,5,Asia,Bangladesh,,0,,
1890,10,,Iridium,,0,,
1892,5,Europa,Global Office Application (British Telecom),,0,,
1893,5,Asia,"China,republica de (Taiwan)",,0,,
1894,5,Europa/Asia,Turquia,,0,,
1895,5,Asia,India,,0,,
1896,5,Asia,Pakistan,,0,,
1897,5,Asia,Sri Lanka,,0,,
1898,5,Asia,Myanmar (antes Birmania),,0,,
1899,5,Asia,Maldivas,,0,,
1900,5,Asia,Libano,,0,,
1901,5,Asia,Jordania,,0,,
1902,5,Asia,Siria,,0,,
1903,5,Asia,Iraq,,0,,
1904,5,Asia,Kuwait,,0,,
1905,5,Asia,Arabia Saudita,,0,,
1906,5,Asia,Yemen,,0,,
1907,5,Asia,Oman,,0,,
1908,5,Asia,Emiratos Arabes Unidos,,0,,
1909,5,Asia,Israel,,0,,
1910,5,Asia,Bahrein,,0,,
1911,5,Asia,Qatar,,0,,
1912,5,Asia,Bhutan,,0,,
1913,5,Asia,Mongolia,,0,,
1914,5,Asia,Nepal,,0,,
1915,5,Asia,Iran,,0,,
1916,5,Asia,Tayikistan,,0,,
1917,5,Europa/Asia,Georgia,,0,,
1918,5,Asia,Kirguistan,,0,,
1919,5,Asia,Uzbekistan,,0,,
1920,5,O.Atlántico,"Ascension, Isla",,0,,
1921,5,América del Norte,Alaska,,0,,
1922,5,Mar Caribe,"Anguila, Isla",,0,,
1923,5,Mar Caribe,Antigua y Barbuda,,0,,
1924,5,Mar Caribe,Bahamas,,0,,
1925,5,Mar Caribe,Barbados,,0,,
1926,5,América del Norte,"Bermudas, Islas",,0,,
1927,5,Mar Caribe,"Caiman, Islas",,0,,
1928,5,América del Norte,Canada,,0,,
1929,5,Mar Caribe,Dominica,,0,,
1930,5,América del Norte,Estados Unidos,,0,,
1933,5,Mar Caribe,Granada,,0,,
1934,5,Oceanía,"Guam, Isla",,0,,
1935,5,Oceanía,"Hawai, Islas",,0,,
1936,5,Mar Caribe,Jamaica,,0,,
1937,5,Oceanía,"Marianas del Norte, Islas",,0,,
1938,5,Mar Caribe,"Montserrat, Isla",,0,,
1939,5,Mar Caribe,Puerto Rico,,0,,
1940,5,Mar Caribe,Republica Dominicana,,0,,
1941,5,Mar Caribe,San Cristobal y Nevis,,0,,
1942,5,Mar Caribe,San Vicente y las Granadinas,,0,,
1943,5,Mar Caribe,Santa Lucia,,0,,
1944,5,Mar Caribe,Trinidad y Tobago,,0,,
1945,5,Mar Caribe,"Turcas y Caicos, Islas",,0,,
1946,5,Mar Caribe,"Virgenes Americanas, Islas",,0,,
1947,5,Mar Caribe,"Virgenes Britanicas, Islas",,0,,
1948,5,Africa,Egipto,,0,,
1949,5,Africa,Marruecos,,0,,
1950,5,Africa,Argelia,,0,,
1951,5,Africa,Tunez,,0,,
1952,5,Africa,Libia,,0,,
1953,5,Africa,Gambia,,0,,
1954,5,Africa,Senegal,,0,,
1955,5,Africa,Mauritania,,0,,
1956,5,Africa,Mali,,0,,
1957,5,Africa,"Guinea,republica De",,0,,
1958,5,Africa,Costa de Marfil,,0,,
1959,5,Africa,Burkina Faso,,0,,
1960,5,Africa,Niger,,0,,
1961,5,Africa,Togo,,0,,
1962,5,Africa,Benin,,0,,
1963,5,Africa,Mauricio,,0,,
1964,5,Africa,Liberia,,0,,
1965,5,Africa,Sierra Leona,,0,,
1966,5,Africa,Ghana,,0,,
1967,5,Africa,Nigeria,,0,,
1968,5,Africa,Chad,,0,,
1969,5,Africa,"Centroafricana,rep.",,0,,
1970,5,Africa,Camerun,,0,,
1971,5,Africa,Cabo Verde,,0,,
1972,5,Africa,Santo Tome y Principe,,0,,
1973,5,Africa,Guinea Ecuatorial,,0,,
1974,5,Africa,Gabon,,0,,
1975,5,Africa,"Congo,rep. Popular",,0,,
1976,5,Africa,Congo Rep. Dem. (antes Zaire),,0,,
1977,5,Africa,Angola,,0,,
1978,5,Africa,Guinea Bissau,,0,,
1979,5,O.Indico,"Diego Garcia,atolon",,0,,
1981,2,,Claro,,0,1,21
1983,2,,Movistar,,0,1,22
1985,2,,Tigo,,0,1,56
1986,13,,Cobro Revertido,,0,1,
1987,6,,Tarifa con prima,,0,1,
1988,6,,Acceso a Internet por demanda,,0,1,
1989,6,,Acceso a Internet,,0,1,
1990,6,,Aplicaciones Móviles,,0,1,
1991,4,Amazonas,El Encanto,2,0,1,
1992,4,Amazonas,La Chorrera,3,0,1,
1993,4,Amazonas,La Pedrera,4,0,1,
1998,4,Amazonas,Tarapacá,11,0,1,
1999,4,Antioquia,Barbosa,27,0,1,
2000,4,Antioquia,Carmen de Viboral,42,0,1,
2001,4,Antioquia,Copacabana,51,0,1,
2002,4,Antioquia,Girardota,61,0,1,
2003,4,Antioquia,Guarne,65,0,1,
2004,4,Antioquia,Itagüí,69,0,1,
2005,4,Antioquia,La Ceja,73,0,1,
2006,4,Antioquia,La Estrella,74,0,1,
2007,4,Antioquia,La Unión,76,0,1,
2008,4,Antioquia,Marinilla,79,0,1,
2009,4,Antioquia,Puerto Berrío,90,0,1,
2010,4,Antioquia,Retiro,94,0,1,
2011,4,Antioquia,Rionegro,95,0,1,
2012,4,Antioquia,Santuario,115,0,1,
2013,4,Atlántico,Malambo,153,0,1,
2014,4,Bolivar,Altos del Rosario,171,0,1,
2015,4,Bolivar,Arenal,172,0,1,
2016,4,Bolivar,Arroyohondo,174,0,1,
2017,4,Bolivar,Cantagallo,177,0,1,
2018,4,Bolivar,Cicuco,178,0,1,
2019,4,Bolivar,Clemencia,179,0,1,
2020,4,Bolivar,El Peñón,183,0,1,
2021,4,Bolivar,Hatillo de Loba,184,0,1,
2022,4,Bolivar,Montecristo,190,0,1,
2023,4,Bolivar,Regidor,193,0,1,
2024,4,Bolivar,San Cristóbal,195,0,1,
2025,4,Bolivar,San Jacinto del Cauca,199,0,1,
2026,4,Bolivar,Tiquisio,209,0,1,
2027,4,Bolivar,Turbaco,210,0,1,
2028,4,Caldas,Norcasia,351,0,1,
2029,4,Caldas,Palestina,353,0,1,
2030,4,Caquetá,Solita,378,0,1,
2031,4,Cauca,Piamonte,423,0,1,
2032,4,Chocó,Atrato,468,0,1,
2033,4,Chocó,El Cantón del San Pablo,477,0,1,
2034,4,Chocó,Medio Baudó,484,0,1,
2035,4,Cundinamarca,El Rosal,550,0,1,
2036,4,Cundinamarca,Sibaté,607,0,1,
2037,4,Guainia,Barranco Mina,642,0,1,
2038,4,Guainia,Cacahual,643,0,1,
2039,4,Guainia,La Guadalupe,644,0,1,
2041,4,Guainia,Morichal Nuevo,646,0,1,
2042,4,Guainia,Paná-paná,647,0,1,
2043,4,Guainia,Puerto Colombia,648,0,1,
2044,4,Guainia,San Felipe,649,0,1,
2045,4,Guaviare,El Retorno,652,0,1,
2046,4,La Guajira,Distracción,695,0,1,
2047,4,La Guajira,La Jagua del Pilar,699,0,1,
2048,4,Magdalena,Algarrobo,707,0,1,
2049,4,Magdalena,Concordia,713,0,1,
2050,4,Magdalena,El Retén,716,0,1,
2052,4,Magdalena,Pijiño del Carmen,721,0,1,
2053,4,Magdalena,Puebloviejo,724,0,1,
2054,4,Magdalena,Sabanas de San Angel,726,0,1,
2055,4,Magdalena,San Zenón,729,0,1,
2056,4,Magdalena,Santa Barbara de Pinto,731,0,1,
2057,4,Magdalena,Zapayán,734,0,1,
2058,4,Magdalena,Zona Bananera,735,0,1,
2059,4,Meta,El Dorado,745,0,1,
2060,4,Meta,Puerto Concordia,753,0,1,
2061,4,Nariño,Chachagüí,773,0,1,
2062,4,Nariño,Colón,774,0,1,
2063,4,Nariño,El Peñol,782,0,1,
2064,4,Nariño,La Llanada,796,0,1,
2065,4,Nariño,San Bernardo,816,0,1,
2066,4,Nariño,Tangua,825,0,1,
2067,4,Norte de Santander,El Zulia,843,0,1,
2068,4,Putumayo,Puerto Guzmán,874,0,1,
2069,4,Sucre,Coveñas,1001,0,1,
2070,4,Sucre,El Roble,1002,0,1,
2071,4,Vaupés,Carurú,1111,0,1,
2072,4,Vaupés,Pacoa,1112,0,1,
2073,4,Vaupés,Papunaua,1113,0,1,
2074,4,Vaupés,Taraira,1114,0,1,
2075,4,Vaupés,Yavaraté,1115,0,1,
2076,4,Vichada,Cumaribo,1117,0,1,
2077,4,Vichada,La Primavera,1118,0,1,
2078,4,Amazonas,Mirití-paraná,6,0,1,
2079,4,Amazonas,Santander,10,0,1,
2080,2,,Avantel,,0,1,23
2082,4,Antioquia,Reservada,12,0,1,
2083,4,Arauca,Reservada,137,0,1,
2084,4,Atlántico,Reservada,146,0,1,
2086,4,Bolivar,Reservada,169,0,1,
2087,4,Boyacá,Reservada,214,0,1,
2088,4,Caldas,Reservada,337,0,1,
2089,4,Caquetá,Reservada,364,0,1,
2090,4,Casanare,Reservada,380,0,1,
2091,4,Cauca,Reservada,399,0,1,
2092,4,Cesar,Reservada,440,0,1,
2098,4,La Guajira,Reservada,691,0,1,
2101,4,Nariño,Reservada,765,0,1,
2102,4,Norte de Santander,Reservada,829,0,1,
2103,4,Putumayo,Reservada,869,0,1,
2104,4,Quindío,Reservada,882,0,1,
2107,4,Santander,Reservada,908,0,1,
2109,4,Tolima,Reservada,1021,0,1,
2110,4,Valle del Cauca,Reservada,1068,0,1,
2113,4,Cundinamarca,Reservada,524,0,1,
2115,4,Amazonas,TMR,,0,1,
2116,4,Antioquia,TMR,,0,1,
2117,4,Arauca,TMR,,0,1,
2118,4,Atlántico,TMR,,0,1,
2120,4,Bolivar,TMR,,0,1,
2121,4,Boyacá,TMR,,0,1,
2122,4,Caldas,TMR,,0,1,
2123,4,Caquetá,TMR,,0,1,
2124,4,Casanare,TMR,,0,1,
2125,4,Cauca,TMR,,0,1,
2126,4,Cesar,TMR,,0,1,
2127,4,Chocó,TMR,,0,1,
2128,4,Córdoba,TMR,,0,1,
2129,4,Cundinamarca,TMR,,0,1,
2130,4,Guainia,TMR,,0,1,
2131,4,Guaviare,TMR,,0,1,
2132,4,Huila,TMR,,0,1,
2133,4,La Guajira,TMR,,0,1,
2134,4,Magdalena,TMR,,0,1,
2135,4,Meta,TMR,,0,1,
2136,4,Nariño,TMR,,0,1,
2137,4,Norte de Santander,TMR,,0,1,
2138,4,Putumayo,TMR,,0,1,
2139,4,Quindío,TMR,,0,1,
2140,4,Risaralda,TMR,,0,1,
2141,4,San Andrés Islas,TMR,,0,1,
2142,4,Santander,TMR,,0,1,
2143,4,Sucre,TMR,,0,1,
2144,4,Tolima,TMR,,0,1,
2145,4,Valle del Cauca,TMR,,0,1,
2146,4,Vaupés,TMR,,0,1,
2147,4,Vichada,TMR,,0,1,
2149,4,Vaupés,Acaricuara,1110,1,1,
2150,4,Vaupés,Villa Fatima,1110,1,1,
2155,4,Nariño,Santiago,765,1,1,
2156,4,Nariño,Sibundoy,765,1,1,
2163,4,Putumayo,Valle del Guamuez,869,1,1,
2164,4,Vichada,San Jose de Ocune,1116,1,1,
2165,4,Vichada,Santa Rita,1116,1,1,
2168,2,,Sistemas Móviles Satelitales,,0,1,61
2169,4,Nacional,Reservada,,0,1,
2171,2,Acceso Fijo Satelital,Colombia Movil,,0,1,56
2172,2,Acceso Fijo Satelital,Gilat Colombia,,0,1,61
2225,2,Sistemas Móviles Satelitales,Reservada,,0,1,61
2227,4,Territorios Nacionales,Nacional,,0,1,
2236,4,Antioquia,Damasco,404,1,1,
2237,4,Antioquia,Movil Roaming EDA,404,1,1,
2238,4,Antioquia,Palermo,404,1,1,
2239,4,Antioquia,Puerto Claver,404,1,1,
2240,4,Antioquia,Telefonia Movil EDA,404,1,1,
2242,4,Caldas,Guarinocito,666,1,1,
2243,4,Caldas,Ont. Bonito,666,1,1,
2244,4,Caldas,Palermo,666,1,1,
2245,4,Caldas,Samaria,666,1,1,
2246,4,Cesar,Albania,601,1,1,
2247,4,Cesar,Villanueva,601,1,1,
2249,4,Cundinamarca,Cambao,,2,1,
2252,4,Meta,Puente de Oro,1045,1,1,
2253,4,Norte de Santander,La Donjuana,749,1,1,
2254,4,Risaralda,Alto Cauca,721,1,1,
2255,4,Risaralda,Irra,721,1,1,
2256,4,Risaralda,San Antonio del Chami,721,1,1,
2257,4,Santander,Olival,789,1,1,
2258,4,Santander,Vado Real,789,1,1,
2259,4,Sucre,San Benito de Abad,1012,0,1,
2262,4,Tolima,Castilla,1096,1,1,
2263,4,Tolima,Chenque Asoleado,1096,1,1,
2264,4,Tolima,Convenio,1096,1,1,
2265,4,Tolima,Doima,1096,1,1,
2266,4,Tolima,El Tablazo,1096,1,1,
2267,4,Tolima,Herbeo,1096,1,1,
2268,4,Tolima,Junin,1096,1,1,
2269,4,Tolima,La Arada,1096,1,1,
2270,4,Tolima,La Chamba,1096,1,1,
2271,4,Tolima,La Herrera,1096,1,1,
2272,4,Tolima,La Sierra,1096,1,1,
2273,4,Tolima,Olaya Herrera,1096,1,1,
2274,4,Tolima,Padua,1096,1,1,
2275,4,Tolima,Pajonales,1096,1,1,
2276,4,Tolima,Santa Teresa,1096,1,1,
2277,4,Tolima,Santiago Perez,1096,1,1,
2278,4,Valle del Cauca,Bitaco,222,1,1,
2279,4,Valle del Cauca,La Bocana,222,1,1,
2280,4,Valle del Cauca,La Dolores,222,1,1,
2281,4,Valle del Cauca,Queremal,222,1,1,
2282,4,Valle del Cauca,Sonso,222,1,1,
2283,5,Asia,Afganistán,,0,,
2284,5,Asia/Europa,Azerbaiyán,,0,,
2285,5,Asia,Palestina,,0,,
2286,5,Asia,Timor Oriental,,0,,
2287,5,Asia,Turkmenistán,,0,,
2289,5,Europa,Ciudad del Vaticano,,0,,
2290,5,Europa,Montenegro,,0,,
2292,5,Europa,Serbia,,0,,
2293,5,Oceanía,Tuvalu,,0,,
2294,5,Oceanía,"Norfolk, Islas",,0,,
2295,5,América del Sur,Colombia,,0,,
2296,4,Pichincha,Carapungo,,0,2,
2297,4,Pichincha,Calderon,,0,2,
2298,4,Pichincha,San Jose De Moran,,0,2,
2299,4,Pichincha,Zabala,,0,2,
2300,4,Pichincha,Cumbaya,,0,2,
2301,4,Pichincha,Miravalle,,0,2,
2302,4,Pichincha,Conocoto,,0,2,
2303,4,Pichincha,Sangolqui,,0,2,
2304,4,Pichincha,Cayambe,,0,2,
2305,4,Pichincha,Olmedo,,0,2,
2306,4,Pichincha,Nanegalito,,0,2,
2307,4,Pichincha,El Quinche,,0,2,
2308,4,Pichincha,Guayllabamba,,0,2,
2309,4,Pichincha,Puembo,,0,2,
2310,4,Pichincha,Tababela,,0,2,
2311,4,Pichincha,Puerto Quito,,0,2,
2312,4,Pichincha,Nanegal,,0,2,
2313,4,Pichincha,Malchingui,,0,2,
2314,4,Pichincha,San Jacinto Del Bua,,0,2,
2315,4,Pichincha,Nuevo Israel,,0,2,
2316,4,Pichincha,Quito,,0,2,
2317,4,Pichincha,Checa,,0,2,
2318,4,Pichincha,San Jose Minas,,0,2,
2319,4,Pichincha,Atahualpa,,0,2,
2320,4,Pichincha,Calacali,,0,2,
2321,4,Pichincha,Aloasi,,0,2,
2322,4,Pichincha,Machachi,,0,2,
2323,4,Pichincha,Tambillo,,0,2,
2324,4,Pichincha,Pomasqui,,0,2,
2325,4,Pichincha,Tabacundo,,0,2,
2326,4,Pichincha,Tumbaco,,0,2,
2327,4,Pichincha,Aloag,,0,2,
2328,4,Pichincha,La Merced,,0,2,
2329,4,Pichincha,Pifo,,0,2,
2330,4,Pichincha,Pintag,,0,2,
2331,4,Pichincha,P.V. Maldonado,,0,2,
2332,4,Pichincha,San Antonio De Pichincha,,0,2,
2333,4,Pichincha,Luz De America,,0,2,
2334,4,Pichincha,Alluriquin,,0,2,
2335,4,Pichincha,La Concordia,,0,2,
2336,4,Pichincha,Guajalo,,0,2,
2337,4,Pichincha,San Miguel Bancos,,0,2,
2338,4,Pichincha,Valle Hermoso,,0,2,
2339,4,Pichincha,Puellaro,,0,2,
2340,4,Pichincha,Yaruqui,,0,2,
2341,4,Pichincha,Perucho,,0,2,
2342,4,Pichincha,Chavezpamba,,0,2,
2343,4,Pichincha,Ascazubi,,0,2,
2344,4,Pichincha,Nono,,0,2,
2345,4,Pichincha,Alangasi,,0,2,
2346,4,Pichincha,Amaguaña,,0,2,
2347,4,Pichincha,Selva Alegre,,0,2,
2348,4,Pichincha,Zambiza,,0,2,
2349,4,Pichincha,Tanda,,0,2,
2350,4,Pichincha,Nayon,,0,2,
2351,4,Pichincha,San Rafael,,0,2,
2353,4,Santo Domingo de los Tsáchilas,Santo Domingo,,0,2,
2355,4,Morona Santiago,Palora,,0,2,
2356,4,Morona Santiago,San Juan,,0,2,
2357,4,Morona Santiago,Macas,,0,2,
2358,4,Morona Santiago,Sucua,,0,2,
2359,4,Morona Santiago,Santiago De Mendez,,0,2,
2360,4,Morona Santiago,Huamboya,,0,2,
2361,4,Morona Santiago,Gral. Plaza (Limon),,0,2,
2362,4,Morona Santiago,Gualaquiza,,0,2,
2363,4,Cotopaxi,Latacunga,,0,2,
2364,4,Cotopaxi,Moraspungo,,0,2,
2365,4,Cotopaxi,El Corazon,,0,2,
2366,4,Cotopaxi,La Maná,,0,2,
2367,4,Cotopaxi,Guaytacama,,0,2,
2368,4,Cotopaxi,Tanicuchi,,0,2,
2369,4,Cotopaxi,Mulliquindil,,0,2,
2370,4,Cotopaxi,Mulalo,,0,2,
2371,4,Cotopaxi,Pastocalle,,0,2,
2372,4,Cotopaxi,Sigchos,,0,2,
2373,4,Cotopaxi,Toacaso,,0,2,
2374,4,Cotopaxi,Lasso,,0,2,
2375,4,Cotopaxi,Pujili,,0,2,
2376,4,Cotopaxi,Salcedo,,0,2,
2377,4,Cotopaxi,Saquisili,,0,2,
2379,4,Bolivar,Guaranda,,0,2,
2380,4,Bolivar,San Miguel De Bolivar,,0,2,
2381,4,Bolivar,San Luis de Pambil,,0,2,
2382,4,Bolivar,Las Naves,,0,2,
2383,4,Bolivar,Echeandia,,0,2,
2384,4,Bolivar,La Magdalena,,0,2,
2385,4,Bolivar,Caluma,,0,2,
2386,4,Bolivar,Chillanes,,0,2,
2387,4,Bolivar,San Jose De Chimbo,,0,2,
2388,4,Tungurahua,Izamba,,0,2,
2389,4,Tungurahua,Ambato,,0,2,
2390,4,Tungurahua,Quero,,0,2,
2391,4,Tungurahua,Tisaleo,,0,2,
2392,4,Tungurahua,Pilahuin,,0,2,
2393,4,Tungurahua,Picaihua,,0,2,
2394,4,Tungurahua,Quisapincha,,0,2,
2395,4,Tungurahua,Mocha,,0,2,
2396,4,Tungurahua,Pelileo,,0,2,
2397,4,Tungurahua,San Andres De Pillaro,,0,2,
2398,4,Tungurahua,Huambalo,,0,2,
2399,4,Tungurahua,Patate,,0,2,
2400,4,Tungurahua,Cevallos,,0,2,
2401,4,Tungurahua,Pillaro,,0,2,
2403,4,Tungurahua,Baños,,0,2,
2404,4,Chimborazo,Riobamba,,0,2,
2405,4,Chimborazo,Calpi (Riobamba),,0,2,
2406,4,Chimborazo,La Victoria,,0,2,
2407,4,Chimborazo,Totoras,,0,2,
2408,4,Chimborazo,San Andres,,0,2,
2409,4,Chimborazo,Penipe,,0,2,
2410,4,Chimborazo,Guano,,0,2,
2411,4,Chimborazo,Chambo,,0,2,
2412,4,Chimborazo,Guamote,,0,2,
2413,4,Chimborazo,Pallatanga,,0,2,
2414,4,Chimborazo,Chunchi,,0,2,
2415,4,Chimborazo,Huigra,,0,2,
2416,4,Chimborazo,Alausi,,0,2,
2417,4,El Oro,Santa Rosa,,0,2,
2418,4,El Oro,Huaquillas,,0,2,
2419,4,El Oro,Arenillas,,0,2,
2420,4,El Oro,Pasaje A,,0,2,
2421,4,El Oro,Pasaje B,,0,2,
2422,4,El Oro,Puerto Bolivar- A,,0,2,
2423,4,El Oro,Machala 1,,0,2,
2424,4,El Oro,Puerto Bolivar- B,,0,2,
2425,4,El Oro,La Avanzada,,0,2,
2426,4,El Oro,Buenavista,,0,2,
2427,4,El Oro,La Victoria,,0,2,
2428,4,El Oro,Balsas,,0,2,
2429,4,El Oro,Marcabeli,,0,2,
2430,4,El Oro,Paccha,,0,2,
2431,4,El Oro,El Guabo,,0,2,
2432,4,El Oro,Machala 2B (L/T),,0,2,
2433,4,El Oro,El Cambio,,0,2,
2434,4,El Oro,Piñas,,0,2,
2435,4,El Oro,Zaruma,,0,2,
2436,4,El Oro,Unioro,,0,2,
2437,4,El Oro,Huaquillas Centro,,0,2,
2438,4,El Oro,Machala 2A (L/T),,0,2,
2439,4,El Oro,Portovelo,,0,2,
2440,4,Pastaza,Mera,,0,2,
2441,4,Pastaza,Shell Mera,,0,2,
2442,4,Pastaza,Puyo,,0,2,
2443,4,NN,Techo Propio,,0,2,
2444,4,NN,Valdez,,0,2,
2445,4,NN,San Isidro,,0,2,
2446,4,NN,San Camilo,,0,2,
2447,4,NN,Centro,,0,2,
2448,4,NN,Facte,,0,2,
2449,4,NN,Capulispamba,,0,2,
2450,4,Cajabamba,Cajabamba,,0,2,
2451,4,Guayas,Guayaquil,,0,2,
2452,4,Guayas,Laurel,,0,2,
2453,4,Guayas,Pedro Carbo,,0,2,
2454,4,Guayas,Isidro Ayora,,0,2,
2455,4,Guayas,Nobol,,0,2,
2456,4,Guayas,Santa Lucia,,0,2,
2457,4,Guayas,P. J. Montero (Boliche),,0,2,
2458,4,Guayas,Roberto Astudillo,,0,2,
2459,4,Guayas,Milagro 1,,0,2,
2460,4,Guayas,Yaguachi,,0,2,
2461,4,Guayas,Bucay,,0,2,
2462,4,Guayas,El Triunfo,,0,2,
2463,4,Guayas,Marc. Maridueña,,0,2,
2464,4,Guayas,Naranjito,,0,2,
2465,4,Guayas,Puna,,0,2,
2466,4,Guayas,Tenguel,,0,2,
2467,4,Guayas,Jujan,,0,2,
2468,4,Guayas,Balao,,0,2,
2469,4,Guayas,Naranjal,,0,2,
2470,4,Guayas,Posorja,,0,2,
2471,4,Guayas,Samborondón,,0,2,
2472,4,Guayas,Simon Bolivar,,0,2,
2473,4,Guayas,Playas,,0,2,
2474,4,Guayas,Salinas,,0,2,
2475,4,Guayas,Palestina,,0,2,
2476,4,Guayas,Daule,,0,2,
2477,4,Guayas,Lomas De Sargentillo,,0,2,
2478,4,Guayas,Salitre,,0,2,
2479,4,Guayas,Palmar,,0,2,
2480,4,Guayas,Ancon,,0,2,
2481,4,Guayas,Chanduy,,0,2,
2482,4,Guayas,Ayangue,,0,2,
2483,4,Guayas,Anconcito,,0,2,
2484,4,Guayas,Colimes,,0,2,
2485,4,Guayas,El Empalme,,0,2,
2486,4,Guayas,Milagro 2,,0,2,
2487,4,Guayas,Balzar,,0,2,
2488,4,Guayas,Tamarindo,,0,2,
2489,4,Santa Elena,La Libertad,,0,2,
2490,4,Santa Elena,Manglaralto,,0,2,
2491,4,Santa Elena,San Pablo,,0,2,
2492,4,Santa Elena,Punta Blanca,,0,2,
2493,4,Santa Elena,Punta Carnero,,0,2,
2494,4,Santa Elena,Santa Elena,,0,2,
2495,4,Santa Elena,Ballenita,,0,2,
2496,4,Manabí,Crucita,,0,2,
2497,4,Manabí,Flavio Alfaro,,0,2,
2498,4,Manabí,Cojimies,,0,2,
2499,4,Manabí,Leonidas Plaza,,0,2,
2500,4,Manabí,Machalilla,,0,2,
2501,4,Manabí,Puerto Lopez,,0,2,
2502,4,Manabí,Montecristi,,0,2,
2503,4,Manabí,Jaramijo,,0,2,
2504,4,Manabí,Jipijapa,,0,2,
2505,4,Manabí,Manta 2,,0,2,
2506,4,Manabí,Manta 2B,,0,2,
2507,4,Manabí,Santa Ana,,0,2,
2508,4,Manabí,Sucre 24/Mayo,,0,2,
2509,4,Manabí,Pichincha,,0,2,
2510,4,Manabí,Abdón Calderon,,0,2,
2511,4,Manabí,Pajan,,0,2,
2512,4,Manabí,Rocafuerte,,0,2,
2513,4,Manabí,Portoviejo B,,0,2,
2514,4,Manabí,Charapoto,,0,2,
2515,4,Manabí,Jama,,0,2,
2516,4,Manabí,San Vicente,,0,2,
2517,4,Manabí,Tosagua,,0,2,
2518,4,Manabí,Calceta,,0,2,
2519,4,Manabí,Bahía de Caráquez,,0,2,
2520,4,Manabí,Chone,,0,2,
2521,4,Manabí,Manta 2A (L/T),,0,2,
2522,4,Manabí,Portoviejo A,,0,2,
2523,4,Manabí,La Union,,0,2,
2524,4,Manabí,Tarqui,,0,2,
2525,4,Manabí,Pedernales,,0,2,
2526,4,Galápagos,Puerto Villamil,,0,2,
2527,4,Galápagos,Puerto Ayora,,0,2,
2528,4,Galápagos,Puerto Baquerizo Moreno,,0,2,
2529,4,Los Rios,El Carmen,,0,2,
2530,4,Los Rios,Patricia Pilar,,0,2,
2531,4,Los Rios,Babahoyo,,0,2,
2532,4,Los Rios,Quevedo,,0,2,
2533,4,Los Rios,San Carlos,,0,2,
2534,4,Los Rios,Quinzaloma,,0,2,
2535,4,Los Rios,Palenque,,0,2,
2536,4,Los Rios,Baba,,0,2,
2537,4,Los Rios,Antonio Sotomayor,,0,2,
2538,4,Los Rios,Mocache,,0,2,
2539,4,Los Rios,Valencia,,0,2,
2540,4,Los Rios,Montalvo,,0,2,
2541,4,Los Rios,Puebloviejo,,0,2,
2542,4,Los Rios,San Juan/Pueblo Viejo,,0,2,
2543,4,Los Rios,Buena Fé,,0,2,
2544,4,Los Rios,Ventanas,,0,2,
2545,4,Los Rios,Vinces,,0,2,
2546,4,Junin,Junin,,0,2,
2547,4,Carchi,Catarama/Ricau.,,0,2,
2549,4,Carchi,Mira,,0,2,
2550,4,Carchi,Bolivar,,0,2,
2551,4,Carchi,San Gabriel,,0,2,
2552,4,Carchi,Tulcán,,0,2,
2553,4,Carchi,Huaca,,0,2,
2554,4,Carchi,El Angel,,0,2,
2555,4,Carchi,La Paz,,0,2,
2556,4,Carchi,El Ejido,,0,2,
2557,4,Napo,Baeza,,0,2,
2558,4,Napo,El Chaco,,0,2,
2559,4,Napo,Tena,,0,2,
2560,4,Napo,Archidona,,0,2,
2561,4,Napo,Misahualli,,0,2,
2563,4,Sucumbíos,Tarapoa,,0,2,
2564,4,Sucumbíos,Puerto El Carmen,,0,2,
2565,4,Sucumbíos,Cascales,,0,2,
2566,4,Sucumbíos,Lago Agrio,,0,2,
2567,4,Sucumbíos,Shushufindi,,0,2,
2568,4,Sucumbíos,San Lorenzo,,0,2,
2569,4,Orellana,Nuevo Rocafuerte,,0,2,
2570,4,Orellana,Rocafuerte,,0,2,
2571,4,Orellana,La Joya De Los Sachas,,0,2,
2572,4,Orellana,Loreto,,0,2,
2573,4,Orellana,El Coca,,0,2,
2574,4,Esmeraldas,Muisne,,0,2,
2575,4,Esmeraldas,San Jose De Chamanga,,0,2,
2576,4,Esmeraldas,Las Golondrinas,,0,2,
2577,4,Esmeraldas,Ciudad Esmeraldas,,0,2,
2578,4,Esmeraldas,Atacames,,0,2,
2579,4,Esmeraldas,Quininde,,0,2,
2580,4,Esmeraldas,Rio Verde,,0,2,
2581,4,Esmeraldas,Borbon,,0,2,
2582,4,Esmeraldas,Pueblo Nuevo,,0,2,
2583,4,Imbabura,Ibarra,,0,2,
2584,4,Imbabura,La Esperanza,,0,2,
2585,4,Imbabura,Angochagua,,0,2,
2586,4,Imbabura,Salinas,,0,2,
2587,4,Imbabura,La Union,,0,2,
2588,4,Imbabura,Atuntaqui,,0,2,
2589,4,Imbabura,Cotacachi,,0,2,
2590,4,Imbabura,San Pablo del Lago,,0,2,
2591,4,Imbabura,Otavalo,,0,2,
2592,4,Imbabura,Tumbabiro,,0,2,
2593,4,Imbabura,Pimampiro,,0,2,
2594,4,Imbabura,Urcuqui,,0,2,
2595,4,Imbabura,San Antonio De Ibarra,,0,2,
2596,4,Imbabura,Ambuqui,,0,2,
2597,4,Imbabura,Iluman,,0,2,
2598,4,Imbabura,San Isidro,,0,2,
2600,4,Loja,Saraguro,,0,2,
2601,4,Loja,Chaguarpamba,,0,2,
2602,4,Loja,Loja - Norte,,0,2,
2603,4,Loja,Loja 2,,0,2,
2604,4,Loja,Loja 2A,,0,2,
2605,4,Loja,Amaluza,,0,2,
2606,4,Loja,Celica,,0,2,
2607,4,Loja,Zapotillo,,0,2,
2608,4,Loja,Malacatos,,0,2,
2609,4,Loja,Gonzamaná,,0,2,
2610,4,Loja,Catamayo (La Toma),,0,2,
2611,4,Loja,Alamor,,0,2,
2612,4,Loja,Cariamanga,,0,2,
2613,4,Loja,Catacocha,,0,2,
2614,4,Loja,Sozoranga,,0,2,
2615,4,Loja,Macará,,0,2,
2616,4,Loja,Santa Rosa,,0,2,
2617,4,Loja,El Valle,,0,2,
2619,4,Azuay,Bulcay (El Cabo),,0,2,
2620,4,Azuay,Ingapirca,,0,2,
2621,4,Azuay,Chordeleg,,0,2,
2622,4,Azuay,Gualaceo,,0,2,
2623,4,Azuay,Paute,,0,2,
2624,4,Azuay,A. Calderon (La Unión),,0,2,
2625,4,Azuay,Sigsig,,0,2,
2626,4,Azuay,San Fernando,,0,2,
2627,4,Azuay,Giron,,0,2,
2628,4,Azuay,Santa Isabel,,0,2,
2629,4,Azuay,Sevilla De Oro,,0,2,
2630,4,Azuay,El Pan,,0,2,
2631,4,Azuay,Guachapala,,0,2,
2632,4,Azuay,Cuenca,,0,2,
2633,4,Azuay,Cochancay,,0,2,
2634,4,Azuay,Ponce Enriquez,,0,2,
2635,4,Azuay,Pucara,,0,2,
2636,4,Azuay,Oña,,0,2,
2638,4,Azuay,Cumbe,,0,2,
2639,4,Azuay,Victoria Del Portete,,0,2,
2640,4,Azuay,Miraflores,,0,2,
2641,4,Azuay,Monay,,0,2,
2642,4,Azuay,Tarqui,,0,2,
2643,4,Azuay,Sidcay,,0,2,
2644,4,Azuay,Narancay,,0,2,
2645,4,Azuay,Sinincay,,0,2,
2646,4,Azuay,Baños,,0,2,
2647,4,Azuay,El Verde,,0,2,
2648,4,Azuay,El Cebollar,,0,2,
2649,4,Azuay,Zhucay,,0,2,
2650,4,Azuay,Guangarcucho,,0,2,
2651,4,Azuay,Ricaurte,,0,2,
2657,4,Azuay,Sayausi,,0,2,
2658,4,Cañar,Deleg,,0,2,
2659,4,Cañar,Javier Loyola,,0,2,
2660,4,Cañar,El Tambo,,0,2,
2661,4,Cañar,Suscal,,0,2,
2662,4,Cañar,Biblian,,0,2,
2663,4,Cañar,Cañar,,0,2,
2664,4,Cañar,Azogues A,,0,2,
2665,4,Cañar,Azogues B,,0,2,
2666,4,Cañar,La Troncal,,0,2,
2667,4,Cañar,La Ramada,,0,2,
2668,4,Zamora Chinchipe,Yantzaza,,0,2,
2669,4,Zamora Chinchipe,San Carlos De Las Minas,,0,2,
2670,4,Zamora Chinchipe,Zumba,,0,2,
2671,4,Zamora Chinchipe,El Pangui,,0,2,
2672,4,Zamora Chinchipe,Zamora,,0,2,
2673,2,,Allegro,,0,2,68
2674,2,,Movistar,,0,2,62
2675,2,,Porta,,0,2,67
2679,6,,Servicios Nacionales,,0,2,
2680,13,,Pago Revertido,,0,2,
2681,4,Portuguesa,Acarigua,,0,3,
2682,4,Portuguesa,Araure,,0,3,
2683,4,Portuguesa,Paéz,,0,3,
2684,4,Portuguesa,Pimpinela,,0,3,
2685,4,Portuguesa,Biscocuy,,0,3,
2686,4,Portuguesa,Boconoito,,0,3,
2687,4,Portuguesa,Guanare,,0,3,
2688,4,Portuguesa,Guanarito,,0,3,
2689,4,Portuguesa,Mesa Cavaca,,0,3,
2690,4,Portuguesa,Papelon,,0,3,
2691,4,Portuguesa,Ospino,,0,3,
2692,4,Portuguesa,Piritu,,0,3,
2693,4,Portuguesa,Centro Turen,,0,3,
2694,4,Portuguesa,Villa Bruzual,,0,3,
2695,4,Apure,Achaguas,,0,3,
2696,4,Apure,Arichuna,,0,3,
2697,4,Apure,Biruaca,,0,3,
2698,4,Apure,Boquerones,,0,3,
2699,4,Apure,Camaguán,,0,3,
2700,4,Apure,Cazorla,,0,3,
2701,4,Apure,Cunaviche,,0,3,
2702,4,Apure,Guayabal,,0,3,
2703,4,Apure,Payara,,0,3,
2704,4,Apure,Puerto Paez,,0,3,
2705,4,Apure,Recreo,,0,3,
2706,4,Apure,San Fernando de Apure,,0,3,
2707,4,Apure,Ciudad Sucre,,0,3,
2708,4,Apure,Guasdualito,,0,3,
2709,4,Apure,Nula,,0,3,
2710,4,Apure,Palmarito,,0,3,
2711,4,Apure,Sta Barbara de Barinas,,0,3,
2713,4,Falcón,Adicora,,0,3,
2714,4,Falcón,Amuay,,0,3,
2715,4,Falcón,Carirubana,,0,3,
2716,4,Falcón,Punta Cardon,,0,3,
2717,4,Falcón,Punto Fijo,,0,3,
2718,4,Falcón,Bariro,,0,3,
2719,4,Falcón,Barojo,,0,3,
2720,4,Falcón,Camaronera,,0,3,
2721,4,Falcón,Capatárida,,0,3,
2722,4,Falcón,Dabajuro,,0,3,
2723,4,Falcón,Los Pedros,,0,3,
2724,4,Falcón,Mene Mauroa,,0,3,
2725,4,Falcón,Cabure,,0,3,
2726,4,Falcón,Churuguara,,0,3,
2727,4,Falcón,Coro,,0,3,
2728,4,Falcón,Miranda,,0,3,
2729,4,Falcón,Pedregal,,0,3,
2730,4,Falcón,Puerto Cumarebo,,0,3,
2731,4,Falcón,Pto Cabello,,0,3,
2732,4,Lara,Agua Grande,,0,3,
2733,4,Lara,Aroa,,0,3,
2734,4,Lara,Bobare,,0,3,
2735,4,Lara,Duaca,,0,3,
2736,4,Lara,Quibor,,0,3,
2737,4,Lara,Siquisique,,0,3,
2738,4,Lara,Tintorero,,0,3,
2739,4,Lara,Tocuyo,,0,3,
2740,4,Lara,Barquisimeto,,0,3,
2741,4,Lara,Cabudare,,0,3,
2742,4,Lara,Chivacoa,,0,3,
2743,4,Lara,Iribarren,,0,3,
2744,4,Lara,La Miel,,0,3,
2745,4,Lara,Sarare,,0,3,
2746,4,Lara,Yaritagua,,0,3,
2747,4,Lara,Carora,,0,3,
2748,4,Lara,Curarigua,,0,3,
2749,4,Lara,El Empedrado,,0,3,
2750,4,Lara,La Pastora,,0,3,
2751,4,Lara,Qda Arriba,,0,3,
2752,4,Lara,Rio Tocuyo,,0,3,
2753,4,Lara,San Francisco,,0,3,
2754,4,Lara,Torres,,0,3,
2758,4,Guárico,Altagracia de Orituco,,0,3,
2759,4,Guárico,San Jose de Guaribe,,0,3,
2760,4,Guárico,Tucupido,,0,3,
2761,4,Guárico,Zaraza,,0,3,
2762,4,Guárico,Cabruta,,0,3,
2763,4,Guárico,Chaguaramas,,0,3,
2764,4,Guárico,Las Mercedes,,0,3,
2765,4,Guárico,Valle de la Pascua,,0,3,
2766,4,Guárico,Calabozo,,0,3,
2767,4,Guárico,El Sombrero,,0,3,
2768,4,Guárico,Ortiz,,0,3,
2769,4,Guárico,San Juan de los Morros,,0,3,
2770,4,Anzoátegui,Anaco,,0,3,
2771,4,Anzoátegui,Aragua de Barcelona,,0,3,
2772,4,Anzoátegui,Santa Rosa,,0,3,
2773,4,Anzoátegui,Atapirire,,0,3,
2774,4,Anzoátegui,El Tigre,,0,3,
2775,4,Anzoátegui,Pariaguan,,0,3,
2776,4,Anzoátegui,San Tomé,,0,3,
2777,4,Anzoátegui,Zuata,,0,3,
2778,4,Anzoátegui,Barcelona,,0,3,
2779,4,Anzoátegui,Boca de Uchire,,0,3,
2780,4,Anzoátegui,Bolívar,,0,3,
2781,4,Anzoátegui,Clarines,,0,3,
2782,4,Anzoátegui,Guanape,,0,3,
2783,4,Anzoátegui,Juan Antonio Sotillo,,0,3,
2784,4,Anzoátegui,Pto. La Cruz,,0,3,
2785,4,Anzoátegui,Pto. Piritu,,0,3,
2786,4,Merida,Apartaderos,,0,3,
2787,4,Merida,Jaji,,0,3,
2788,4,Merida,Libertador,,0,3,
2789,4,Merida,Merida,,0,3,
2790,4,Merida,Mucuchies,,0,3,
2791,4,Merida,Pueblo Llano,,0,3,
2792,4,Merida,Santo Domingo,,0,3,
2793,4,Merida,Casigua,,0,3,
2794,4,Merida,El Vigia,,0,3,
2795,4,Merida,Pueblo Nuevo,,0,3,
2796,4,Merida,Santa Barbara,,0,3,
2797,4,Merida,Tovar,,0,3,
2799,4,Amazonas,Atabapo,,0,3,
2800,4,Amazonas,Isla Ratón,,0,3,
2801,4,Amazonas,Puerto Ayacucho,,0,3,
2802,4,Amazonas,San Juan de Manapiare,,0,3,
2803,4,Amazonas,Yutaje,,0,3,
2804,4,Amazonas,Cocuy,,0,3,
2805,4,Amazonas,La Esmeralda,,0,3,
2806,4,Amazonas,Maroa,,0,3,
2807,4,Amazonas,San Carlos de Río Negro,,0,3,
2808,4,Zulia,Bachaquero,,0,3,
2809,4,Zulia,Mene Grande,,0,3,
2810,4,Zulia,Cabimas,,0,3,
2811,4,Zulia,Santa Rita,,0,3,
2812,4,Zulia,Ciudad Ojeda,,0,3,
2813,4,Zulia,Lagunillas,,0,3,
2814,4,Zulia,El Moján,,0,3,
2815,4,Zulia,La Concepcion,,0,3,
2816,4,Zulia,Sta Cruz de Mara,,0,3,
2817,4,Zulia,El Tablazo,,0,3,
2818,4,Zulia,Sabaneta de Palma,,0,3,
2819,4,Zulia,Machiques de Perijá,,0,3,
2820,4,Zulia,Rosario de Perijá,,0,3,
2821,4,Zulia,Maracaibo,,0,3,
2823,4,Barinas,Barinas,,0,3,
2824,4,Barinas,Barinitas,,0,3,
2825,4,Barinas,Libertad,,0,3,
2826,4,Barinas,Socopo,,0,3,
2827,4,Carabobo,Barrera,,0,3,
2828,4,Carabobo,Bejuma,,0,3,
2829,4,Carabobo,Campo Carabobo,,0,3,
2830,4,Carabobo,Chirgua,,0,3,
2831,4,Carabobo,Boca de Aroa,,0,3,
2832,4,Carabobo,Chichiriviche,,0,3,
2833,4,Carabobo,Sanare,,0,3,
2834,4,Carabobo,SanJuan Cayos,,0,3,
2835,4,Carabobo,Yaracal,,0,3,
2836,4,Carabobo,Capadare,,0,3,
2837,4,Carabobo,Mirimire,,0,3,
2838,4,Carabobo,Tucacas,,0,3,
2839,4,Carabobo,Boqueron,,0,3,
2840,4,Carabobo,Ciudad Alianza,,0,3,
2841,4,Carabobo,El Frio,,0,3,
2842,4,Carabobo,El Roble,,0,3,
2843,4,Carabobo,Guacara,,0,3,
2844,4,Carabobo,Guigue,,0,3,
2845,4,Carabobo,San Joaquin,,0,3,
2846,4,Carabobo,Bruzual,,0,3,
2847,4,Carabobo,Elorza,,0,3,
2848,4,Carabobo,Mantecal,,0,3,
2849,4,Carabobo,Mata Vieja,,0,3,
2850,4,Carabobo,Quintero,,0,3,
2851,4,Carabobo,Samán Apure,,0,3,
2852,4,Carabobo,Trinidad Arichuna,,0,3,
2853,4,Carabobo,Cedral,,0,3,
2854,4,Carabobo,Guachara,,0,3,
2855,4,Carabobo,Ramoncito,,0,3,
2856,4,Carabobo,Yagual,,0,3,
2857,4,Carabobo,Naguanagua,,0,3,
2858,4,Carabobo,San Diego,,0,3,
2859,4,Carabobo,Tocuyito,,0,3,
2860,4,Carabobo,Valencia,,0,3,
2861,4,Bolívar,Bauxiven,,0,3,
2862,4,Bolívar,Caicara del Orinoco,,0,3,
2863,4,Bolívar,Guamalito,,0,3,
2864,4,Bolívar,La Urbana,,0,3,
2865,4,Bolívar,Las Bonitas,,0,3,
2866,4,Bolívar,Pijiguaos,,0,3,
2867,4,Bolívar,Santa Rosalia,,0,3,
2868,4,Bolívar,Camp.Callao,,0,3,
2869,4,Bolívar,Campetoy,,0,3,
2870,4,Bolívar,Canaima,,0,3,
2871,4,Bolívar,Cristinas,,0,3,
2872,4,Bolívar,El Palmar,,0,3,
2873,4,Bolívar,Guasipati,,0,3,
2874,4,Bolívar,Guri,,0,3,
2875,4,Bolívar,Kanavayen,,0,3,
2876,4,Bolívar,Parupa,,0,3,
2877,4,Bolívar,Santa Elena de Üairen,,0,3,
2878,4,Bolívar,Tumeremo,,0,3,
2879,4,Bolívar,Upata,,0,3,
2880,4,Bolívar,Caroní,,0,3,
2881,4,Bolívar,Puerto Ordaz,,0,3,
2882,4,Bolívar,San Felix,,0,3,
2883,4,Bolívar,Ciudad Bolivar,,0,3,
2884,4,Bolívar,Ciudad Piar,,0,3,
2885,4,Bolívar,Heres,,0,3,
2886,4,Bolívar,La Paragua,,0,3,
2887,4,Bolívar,Soledad,,0,3,
2888,4,Bolívar,El Casabe,,0,3,
2889,4,Bolívar,Icabarú,,0,3,
2890,4,Bolívar,Las Claritas,,0,3,
2891,4,Trujillo,Boconó,,0,3,
2892,4,Trujillo,Campo Elías,,0,3,
2893,4,Trujillo,Sabaneta,,0,3,
2894,4,Trujillo,San Antonio,,0,3,
2895,4,Trujillo,Trujillo,,0,3,
2896,4,Trujillo,Escuque,,0,3,
2897,4,Trujillo,Sabana de Mendoza,,0,3,
2898,4,Trujillo,Valera,,0,3,
2899,4,Trujillo,La Puerta,,0,3,
2902,4,Aragua,Cagua,,0,3,
2903,4,Aragua,Colonia Tovar,,0,3,
2904,4,Aragua,José Felix Ribas,,0,3,
2905,4,Aragua,La Victoria,,0,3,
2906,4,Aragua,Magdaleno,,0,3,
2907,4,Aragua,Tejerias,,0,3,
2908,4,Aragua,Turmero,,0,3,
2909,4,Aragua,Villa de Cura,,0,3,
2910,4,Aragua,Camatagua,,0,3,
2911,4,Aragua,San Casimiro,,0,3,
2912,4,Aragua,San Sebastian,,0,3,
2913,4,Aragua,Choroni,,0,3,
2914,4,Aragua,Las Delicias,,0,3,
2915,4,Aragua,Libertador/Girardot,,0,3,
2916,4,Aragua,Maracay,,0,3,
2917,4,Aragua,Mariara,,0,3,
2918,4,Aragua,Ocumare de La Costa,,0,3,
2919,4,Aragua,Palo Negro,,0,3,
2920,4,Aragua,Turagua,,0,3,
2921,4,Mérida,Caja Seca,,0,3,
2922,4,Sucre,Cariaco,,0,3,
2923,4,Sucre,Carupano,,0,3,
2924,4,Sucre,Guiria,,0,3,
2925,4,Sucre,Rio Caribe,,0,3,
2926,4,Sucre,San Juan de Unare,,0,3,
2927,4,Sucre,Saucedo,,0,3,
2928,4,Sucre,Cuamanacoa,,0,3,
2929,4,Sucre,Cumana,,0,3,
2930,4,Sucre,Mariguitar,,0,3,
2931,4,Sucre,Sucre,,0,3,
2932,4,Monagas,Caripe,,0,3,
2933,4,Monagas,Chaguaramal,,0,3,
2934,4,Monagas,Punta de Mata,,0,3,
2935,4,Monagas,Caripito,,0,3,
2936,4,Monagas,Maturín,,0,3,
2937,4,Monagas,Quiriquire,,0,3,
2938,4,Miranda,Caucagua,,0,3,
2939,4,Miranda,Higuerote,,0,3,
2940,4,Miranda,Rio Chico,,0,3,
2941,4,Miranda,Tacarigua,,0,3,
2942,4,Miranda,Charallave,,0,3,
2943,4,Miranda,Ocumare del Tuy,,0,3,
2944,4,Miranda,Santa Lucia,,0,3,
2945,4,Miranda,Santa Teresa,,0,3,
2946,4,Yaracuy,Cocorote,,0,3,
2947,4,Yaracuy,Nirgua,,0,3,
2948,4,Yaracuy,San Felipe,,0,3,
2949,4,Dist Capital (DC),Caracas,,0,3,
2950,4,Cojedes,El Baul,,0,3,
2951,4,Cojedes,Tinaco,,0,3,
2952,4,Cojedes,San Carlos,,0,3,
2953,4,Cojedes,Tinaquillo,,0,3,
2954,4,Nueva Esparta,Juan Griego,,0,3,
2955,4,Nueva Esparta,La Asuncion,,0,3,
2956,4,Nueva Esparta,Mariño,,0,3,
2957,4,Nueva Esparta,P. El Agua,,0,3,
2958,4,Nueva Esparta,Pampatar,,0,3,
2959,4,Nueva Esparta,Porlamar,,0,3,
2960,4,Nueva Esparta,Punta de Piedras,,0,3,
2961,4,Tachira,La Ceiba,,0,3,
2962,4,Tachira,La Fria,,0,3,
2963,4,Tachira,La Grita,,0,3,
2964,4,Tachira,San Juan de Colón,,0,3,
2965,4,Tachira,San Cristóbal,,0,3,
2966,4,Tachira,Rubio,,0,3,
2967,4,Dependencias Federales,La Tortuga,,0,3,
2968,4,Dependencias Federales,Los Monjes,,0,3,
2969,4,Dependencias Federales,Los Roques,,0,3,
2970,4,Dependencias Federales,Los Testigos,,0,3,
2971,4,Delta Amacuro,Temblador,,0,3,
2972,4,Delta Amacuro,Tucupita,,0,3,
2973,2,,Digitel,,0,3,74
2974,2,,Digicel,,0,3,75
2975,2,,Infonet,,0,3,76
2976,2,,Movilnet,,0,3,77
2977,2,,Movistar,,0,3,78
2978,2,,Tesam,,0,3,79
2979,2,Telefonía Móvil,Varios,,0,3,80
2981,13,,Pago Revertido,,0,3,
2982,4,Todas las ciudades,Código de área 809,,0,4,
2983,2,,Código de área 809 Móviles,,0,4,
2985,4,Todas las ciudades,Código de área 829,,0,4,
2986,2,,Código de área 829 Móviles,,0,4,
2987,4,Nacional,Cualquier Ciudad,,0,5,
2988,2,Telefonía Móvil,Cualquier Operador,,0,5,
2989,4,Nacional,Cualquier Ciudad,,0,6,
2990,2,Telefonía Móvil,Cualquier Operador,,0,6,
2991,4,Nacional,Cualquier Ciudad,,0,7,
2993,2,Telefonía Móvil,Cualquier Operador,,0,7,
2994,4,Nacional,Cualquier Ciudad,,0,8,
2995,2,Telefonía Móvil,Cualquier Operador,,0,8,
2996,4,Nacional,Cualquier Ciudad,,0,9,
2997,2,Telefonía Móvil,Cualquier Operador,,0,9,
2998,4,Nacional,Cualquier Ciudad,,0,10,
2999,2,Telefonía Móvil,Cualquier Operador,,0,10,
3000,4,Nacional,Cualquier Ciudad,,0,11,
3001,2,Telefonía Móvil,Cualquier Operador,,0,11,
3002,4,Nacional,Cualquier Ciudad,,0,12,
3003,2,Telefonía Móvil,Cualquier Operador,,0,12,
3004,4,Amazonas,Amazonas,,0,11,
3005,4,Amazonas,Rural Amazonas,,0,11,
3006,4,Amazonas,Rural Reservado Amazonas,,0,11,
3007,4,Ancash,Ancash,,0,11,
3008,4,Ancash,Rural Ancash,,0,11,
3009,4,Ancash,Rural Reservado Ancash,,0,11,
3010,4,Apurímac,Apurímac,,0,11,
3011,4,Apurímac,Rural Apurímac,,0,11,
3012,4,Apurímac,Rural Reservado Apurímac,,0,11,
3013,4,Arequipa,Arequipa,,0,11,
3014,4,Arequipa,Rural Arequipa,,0,11,
3015,4,Arequipa,Rural Reservado Arequipa,,0,11,
3016,4,Ayacucho,Ayacucho,,0,11,
3017,4,Ayacucho,Rural Ayacucho,,0,11,
3018,4,Ayacucho,Rural Reservado Ayacucho,,0,11,
3019,4,Cajamarca,Cajamarca,,0,11,
3020,4,Cajamarca,Rural Cajamarca,,0,11,
3021,4,Cajamarca,Rural Reservado Cajamarca,,0,11,
3022,4,Cusco,Cusco,,0,11,
3023,4,Cusco,Rural Cusco,,0,11,
3024,4,Cusco,Rural Reservado Cusco,,0,11,
3025,4,Huancavelica,Huancavelica,,0,11,
3026,4,Huancavelica,Rural Huancavelica,,0,11,
3027,4,Huancavelica,Rural Reservado Huancavelica,,0,11,
3028,4,Huánuco,Huánuco,,0,11,
3029,4,Huánuco,Rural Huánuco,,0,11,
3030,4,Huánuco,Rural Reservado Huánuco,,0,11,
3031,4,Ica,Ica,,0,11,
3032,4,Ica,Rural Ica,,0,11,
3033,4,Ica,Rural Reservado Ica,,0,11,
3034,4,Junín,Junín,,0,11,
3035,4,Junín,Rural Junín,,0,11,
3036,4,Junín,Rural Reservado Junín,,0,11,
3037,4,La Libertad,La Libertad,,0,11,
3038,4,La Libertad,Rural La Libertad,,0,11,
3039,4,La Libertad,Rural Reservado La Libertad,,0,11,
3040,4,Lambayeque,Lambayeque,,0,11,
3041,4,Lambayeque,Rural Lambayeque,,0,11,
3042,4,Lambayeque,Rural Reservado Lambayeque,,0,11,
3043,4,Lima,Rural Lima,,0,11,
3044,4,Lima,Lima,,0,11,
3045,4,Provincia Especial,Callao,,0,11,
3046,4,Loreto,Loreto,,0,11,
3047,4,Loreto,Rural Loreto,,0,11,
3048,4,Loreto,Rural Reservado Loreto,,0,11,
3049,4,Madre De Dios,Madre De Dios,,0,11,
3050,4,Madre De Dios,Rural Madre De Dios,,0,11,
3051,4,Madre De Dios,Rural Reservado Madre De Dios,,0,11,
3052,4,Moquegua,Moquegua,,0,11,
3053,4,Moquegua,Rural Moquegua,,0,11,
3054,4,Moquegua,Rural Reservado Moquegua,,0,11,
3055,4,Pasco,Pasco,,0,11,
3056,4,Pasco,Rural Pasco,,0,11,
3057,4,Pasco,Rural Reservado Pasco,,0,11,
3058,4,Piura,Piura,,0,11,
3059,4,Piura,Rural Piura,,0,11,
3060,4,Piura,Rural Reservado Piura,,0,11,
3061,4,Puno,Puno,,0,11,
3062,4,Puno,Rural Puno,,0,11,
3063,4,Puno,Rural Reservado Puno,,0,11,
3064,4,San Martín,San Martín,,0,11,
3065,4,San Martín,Rural San Martín,,0,11,
3066,4,San Martín,Rural Reservado San Martín,,0,11,
3067,4,Tacna,Tacna,,0,11,
3068,4,Tacna,Rural Tacna,,0,11,
3069,4,Tacna,Rural Reservado Tacna,,0,11,
3070,4,Tumbes,Tumbes,,0,11,
3071,4,Tumbes,Rural Tumbes,,0,11,
3072,4,Tumbes,Rural Reservado Tumbes,,0,11,
3073,4,Ucayali,Ucayali,,0,11,
3074,4,Ucayali,Rural Ucayali,,0,11,
3075,4,Ucayali,Rural Reservado Ucayali,,0,11,
3076,2,,Reservada Perú,,0,11,125
3078,2,,Claro Perú,,0,11,98
3084,13,,Cobro Revertido Automático,,0,11,
3085,6,,Pago Compartido,,0,11,
3086,6,,Número Universal,,0,11,
3087,6,,Número Personal,,0,11,
3088,6,,Llamadas Masivas / Televoto,,0,11,
3089,6,,Red Privada Virtual,,0,11,
3090,6,,Audio Servicios de Valor Adicional,,0,11,
3091,5,Europa,"Azores, Isla",,0,,
3092,5,Europa,"Madeira, Isla",,0,,
3093,5,Oceanía,"Casey Base, Antártica",,0,,
3094,5,Oceanía,"Scott Base, Antártica",,0,,
3095,5,Mar Caribe,"Bonaire, Isla",,0,,
3096,5,Mar Caribe,"Países Bajos, Reino (Ant. Holandesas)",,0,,
3097,5,Mar Caribe,Curazao,,0,,
3099,5,Mar Caribe,"San Eustaquio, Isla",,0,,
3100,5,Mar Caribe,"San Martín, Isla",,0,,
3101,5,África,"Tristán da cunha, Isla",,0,,
3102,5,África,Eritrea,,0,,
3103,5,Oceanía,"Niue Isla, Republica De",,0,,
3104,5,Oceanía,"Christmas, Isla",,0,,
3105,5,Oceanía,"Cocos, Isla",,0,,
3106,5,Oceanía,"Estado de Chuuk, Isla (Truk)",,0,,
3107,5,Europa/Asia,"Sakhalin, Isla (Sajalín)",,0,,
3108,5,Oceanía,"Tokelau, Isla",,0,,
3109,5,Oceanía,"Wake, Isla",,0,,
3110,2,,Nextel,,0,11,128
3115,2,,Movistar,,0,11,129
3121,4,Nacional,Cualquier Ciudad,,0,13,
3122,2,Telefonía Móvil,Cualquier Operador,,0,13,
3124,4,Nacional,TMR,,0,1,
3125,6,,Otros servicios,,0,1,
3127,2,Telefonía Móvil Virtual,Tigo,,0,1,56
3129,2,Telefonía Móvil Virtual,Movistar,,0,1,22
3130,2,Telefonía Móvil Virtual,Varios,,0,1,61
3131,2,,Compatel Colombia SAS,,0,1,61
3132,2,,ETB,,0,1,1
3133,2,Telefonía Móvil,Varios,,0,1,61
3134,2,,UNE EPM,,0,1,44
3149,4,Cauca,Sucre,434,0,1,
3150,4,Chocó,Carmén del Darién,474,0,1,
3151,4,Chocó,Cértegui,475,0,1,
3152,4,Chocó,Medio San Juan,485,0,1,
3153,4,Chocó,Rio Iró,488,0,1,
3154,4,Chocó,Rio Quito,489,0,1,
3155,4,Chocó,Unión Panamericana,495,0,1,
3163,2,Telefonía Móvil,Reservada,,0,1,61
3167,2,Telefonía Móvil Virtual,Reservada,,0,1,61
3185,2,Acceso Fijo Satelital,Reservada,,0,1,61
3186,4,Córdoba,Norosí,,0,1,
3187,4,Córdoba,Tuchin,,0,1,
3191,5,América del Sur,Venezuela Móvil,,0,,
3192,5,Europa,Alemania Móvil,,0,,
3193,5,Europa,España Móvil,,0,,
3194,5,Europa,Francia Móvil,,0,,
3195,5,Europa,Inglaterra Móvil,,0,,
3196,5,Europa,Italia Móvil,,0,,
3197,5,América del Norte,Estados Unidos (Free),,0,,
